ForecastID,ConfirmedCases,Region,Date
1,10287,Hokkaido,2020/12/7
2,10472,Hokkaido,2020/12/8
3,10652,Hokkaido,2020/12/9
4,10827,Hokkaido,2020/12/10
5,10997,Hokkaido,2020/12/11
6,11162,Hokkaido,2020/12/12
7,11321,Hokkaido,2020/12/13
8,11474,Hokkaido,2020/12/14
9,11623,Hokkaido,2020/12/15
10,11765,Hokkaido,2020/12/16
11,11902,Hokkaido,2020/12/17
12,12034,Hokkaido,2020/12/18
13,12161,Hokkaido,2020/12/19
14,12282,Hokkaido,2020/12/20
15,12398,Hokkaido,2020/12/21
16,12510,Hokkaido,2020/12/22
17,12616,Hokkaido,2020/12/23
18,12717,Hokkaido,2020/12/24
19,12814,Hokkaido,2020/12/25
20,12906,Hokkaido,2020/12/26
21,12994,Hokkaido,2020/12/27
22,13078,Hokkaido,2020/12/28
23,13158,Hokkaido,2020/12/29
24,13233,Hokkaido,2020/12/30
25,13305,Hokkaido,2020/12/31
26,13373,Hokkaido,2021/1/1
27,13438,Hokkaido,2021/1/2
28,13499,Hokkaido,2021/1/3
29,288,Aomori,2020/12/7
30,288,Aomori,2020/12/8
31,288,Aomori,2020/12/9
32,288,Aomori,2020/12/10
33,288,Aomori,2020/12/11
34,288,Aomori,2020/12/12
35,288,Aomori,2020/12/13
36,288,Aomori,2020/12/14
37,288,Aomori,2020/12/15
38,288,Aomori,2020/12/16
39,288,Aomori,2020/12/17
40,288,Aomori,2020/12/18
41,288,Aomori,2020/12/19
42,288,Aomori,2020/12/20
43,288,Aomori,2020/12/21
44,288,Aomori,2020/12/22
45,288,Aomori,2020/12/23
46,288,Aomori,2020/12/24
47,288,Aomori,2020/12/25
48,288,Aomori,2020/12/26
49,288,Aomori,2020/12/27
50,288,Aomori,2020/12/28
51,288,Aomori,2020/12/29
52,288,Aomori,2020/12/30
53,288,Aomori,2020/12/31
54,288,Aomori,2021/1/1
55,288,Aomori,2021/1/2
56,288,Aomori,2021/1/3
57,225,Iwate,2020/12/7
58,227,Iwate,2020/12/8
59,229,Iwate,2020/12/9
60,231,Iwate,2020/12/10
61,232,Iwate,2020/12/11
62,233,Iwate,2020/12/12
63,234,Iwate,2020/12/13
64,235,Iwate,2020/12/14
65,236,Iwate,2020/12/15
66,237,Iwate,2020/12/16
67,237,Iwate,2020/12/17
68,238,Iwate,2020/12/18
69,238,Iwate,2020/12/19
70,238,Iwate,2020/12/20
71,239,Iwate,2020/12/21
72,239,Iwate,2020/12/22
73,239,Iwate,2020/12/23
74,239,Iwate,2020/12/24
75,239,Iwate,2020/12/25
76,240,Iwate,2020/12/26
77,240,Iwate,2020/12/27
78,240,Iwate,2020/12/28
79,240,Iwate,2020/12/29
80,240,Iwate,2020/12/30
81,240,Iwate,2020/12/31
82,240,Iwate,2021/1/1
83,240,Iwate,2021/1/2
84,240,Iwate,2021/1/3
85,1300,Miyagi,2020/12/7
86,1312,Miyagi,2020/12/8
87,1324,Miyagi,2020/12/9
88,1336,Miyagi,2020/12/10
89,1347,Miyagi,2020/12/11
90,1358,Miyagi,2020/12/12
91,1370,Miyagi,2020/12/13
92,1380,Miyagi,2020/12/14
93,1391,Miyagi,2020/12/15
94,1401,Miyagi,2020/12/16
95,1411,Miyagi,2020/12/17
96,1421,Miyagi,2020/12/18
97,1431,Miyagi,2020/12/19
98,1440,Miyagi,2020/12/20
99,1449,Miyagi,2020/12/21
100,1458,Miyagi,2020/12/22
101,1467,Miyagi,2020/12/23
102,1475,Miyagi,2020/12/24
103,1484,Miyagi,2020/12/25
104,1492,Miyagi,2020/12/26
105,1499,Miyagi,2020/12/27
106,1507,Miyagi,2020/12/28
107,1514,Miyagi,2020/12/29
108,1521,Miyagi,2020/12/30
109,1528,Miyagi,2020/12/31
110,1535,Miyagi,2021/1/1
111,1542,Miyagi,2021/1/2
112,1548,Miyagi,2021/1/3
113,94,Akita,2020/12/7
114,95,Akita,2020/12/8
115,96,Akita,2020/12/9
116,98,Akita,2020/12/10
117,99,Akita,2020/12/11
118,100,Akita,2020/12/12
119,101,Akita,2020/12/13
120,102,Akita,2020/12/14
121,104,Akita,2020/12/15
122,105,Akita,2020/12/16
123,106,Akita,2020/12/17
124,108,Akita,2020/12/18
125,109,Akita,2020/12/19
126,110,Akita,2020/12/20
127,112,Akita,2020/12/21
128,113,Akita,2020/12/22
129,114,Akita,2020/12/23
130,116,Akita,2020/12/24
131,117,Akita,2020/12/25
132,119,Akita,2020/12/26
133,120,Akita,2020/12/27
134,122,Akita,2020/12/28
135,123,Akita,2020/12/29
136,125,Akita,2020/12/30
137,126,Akita,2020/12/31
138,128,Akita,2021/1/1
139,129,Akita,2021/1/2
140,131,Akita,2021/1/3
141,156,Yamagata,2020/12/7
142,159,Yamagata,2020/12/8
143,163,Yamagata,2020/12/9
144,166,Yamagata,2020/12/10
145,170,Yamagata,2020/12/11
146,173,Yamagata,2020/12/12
147,177,Yamagata,2020/12/13
148,181,Yamagata,2020/12/14
149,185,Yamagata,2020/12/15
150,189,Yamagata,2020/12/16
151,193,Yamagata,2020/12/17
152,197,Yamagata,2020/12/18
153,201,Yamagata,2020/12/19
154,206,Yamagata,2020/12/20
155,210,Yamagata,2020/12/21
156,215,Yamagata,2020/12/22
157,220,Yamagata,2020/12/23
158,224,Yamagata,2020/12/24
159,229,Yamagata,2020/12/25
160,234,Yamagata,2020/12/26
161,239,Yamagata,2020/12/27
162,245,Yamagata,2020/12/28
163,250,Yamagata,2020/12/29
164,256,Yamagata,2020/12/30
165,261,Yamagata,2020/12/31
166,267,Yamagata,2021/1/1
167,273,Yamagata,2021/1/2
168,279,Yamagata,2021/1/3
169,536,Hukushima,2020/12/7
170,540,Hukushima,2020/12/8
171,545,Hukushima,2020/12/9
172,550,Hukushima,2020/12/10
173,555,Hukushima,2020/12/11
174,560,Hukushima,2020/12/12
175,565,Hukushima,2020/12/13
176,570,Hukushima,2020/12/14
177,575,Hukushima,2020/12/15
178,581,Hukushima,2020/12/16
179,586,Hukushima,2020/12/17
180,591,Hukushima,2020/12/18
181,596,Hukushima,2020/12/19
182,602,Hukushima,2020/12/20
183,607,Hukushima,2020/12/21
184,613,Hukushima,2020/12/22
185,618,Hukushima,2020/12/23
186,624,Hukushima,2020/12/24
187,629,Hukushima,2020/12/25
188,635,Hukushima,2020/12/26
189,641,Hukushima,2020/12/27
190,647,Hukushima,2020/12/28
191,652,Hukushima,2020/12/29
192,658,Hukushima,2020/12/30
193,664,Hukushima,2020/12/31
194,670,Hukushima,2021/1/1
195,676,Hukushima,2021/1/2
196,682,Hukushima,2021/1/3
197,1907,Ibaraki,2020/12/7
198,1963,Ibaraki,2020/12/8
199,2021,Ibaraki,2020/12/9
200,2080,Ibaraki,2020/12/10
201,2141,Ibaraki,2020/12/11
202,2204,Ibaraki,2020/12/12
203,2269,Ibaraki,2020/12/13
204,2336,Ibaraki,2020/12/14
205,2405,Ibaraki,2020/12/15
206,2475,Ibaraki,2020/12/16
207,2548,Ibaraki,2020/12/17
208,2623,Ibaraki,2020/12/18
209,2700,Ibaraki,2020/12/19
210,2780,Ibaraki,2020/12/20
211,2861,Ibaraki,2020/12/21
212,2945,Ibaraki,2020/12/22
213,3032,Ibaraki,2020/12/23
214,3121,Ibaraki,2020/12/24
215,3213,Ibaraki,2020/12/25
216,3307,Ibaraki,2020/12/26
217,3405,Ibaraki,2020/12/27
218,3505,Ibaraki,2020/12/28
219,3608,Ibaraki,2020/12/29
220,3714,Ibaraki,2020/12/30
221,3823,Ibaraki,2020/12/31
222,3935,Ibaraki,2021/1/1
223,4051,Ibaraki,2021/1/2
224,4170,Ibaraki,2021/1/3
225,712,Tochigi,2020/12/7
226,721,Tochigi,2020/12/8
227,731,Tochigi,2020/12/9
228,740,Tochigi,2020/12/10
229,750,Tochigi,2020/12/11
230,760,Tochigi,2020/12/12
231,770,Tochigi,2020/12/13
232,780,Tochigi,2020/12/14
233,790,Tochigi,2020/12/15
234,800,Tochigi,2020/12/16
235,810,Tochigi,2020/12/17
236,821,Tochigi,2020/12/18
237,832,Tochigi,2020/12/19
238,842,Tochigi,2020/12/20
239,853,Tochigi,2020/12/21
240,865,Tochigi,2020/12/22
241,876,Tochigi,2020/12/23
242,887,Tochigi,2020/12/24
243,899,Tochigi,2020/12/25
244,910,Tochigi,2020/12/26
245,922,Tochigi,2020/12/27
246,934,Tochigi,2020/12/28
247,946,Tochigi,2020/12/29
248,959,Tochigi,2020/12/30
249,971,Tochigi,2020/12/31
250,984,Tochigi,2021/1/1
251,997,Tochigi,2021/1/2
252,1010,Tochigi,2021/1/3
253,1332,Gunma,2020/12/7
254,1350,Gunma,2020/12/8
255,1368,Gunma,2020/12/9
256,1387,Gunma,2020/12/10
257,1405,Gunma,2020/12/11
258,1424,Gunma,2020/12/12
259,1443,Gunma,2020/12/13
260,1462,Gunma,2020/12/14
261,1482,Gunma,2020/12/15
262,1502,Gunma,2020/12/16
263,1522,Gunma,2020/12/17
264,1543,Gunma,2020/12/18
265,1563,Gunma,2020/12/19
266,1584,Gunma,2020/12/20
267,1605,Gunma,2020/12/21
268,1627,Gunma,2020/12/22
269,1649,Gunma,2020/12/23
270,1671,Gunma,2020/12/24
271,1693,Gunma,2020/12/25
272,1716,Gunma,2020/12/26
273,1739,Gunma,2020/12/27
274,1762,Gunma,2020/12/28
275,1786,Gunma,2020/12/29
276,1810,Gunma,2020/12/30
277,1834,Gunma,2020/12/31
278,1859,Gunma,2021/1/1
279,1884,Gunma,2021/1/2
280,1909,Gunma,2021/1/3
281,7370,Saitama,2020/12/7
282,7370,Saitama,2020/12/8
283,7370,Saitama,2020/12/9
284,7370,Saitama,2020/12/10
285,7370,Saitama,2020/12/11
286,7370,Saitama,2020/12/12
287,7370,Saitama,2020/12/13
288,7370,Saitama,2020/12/14
289,7370,Saitama,2020/12/15
290,7370,Saitama,2020/12/16
291,7370,Saitama,2020/12/17
292,7370,Saitama,2020/12/18
293,7370,Saitama,2020/12/19
294,7370,Saitama,2020/12/20
295,7370,Saitama,2020/12/21
296,7370,Saitama,2020/12/22
297,7370,Saitama,2020/12/23
298,7370,Saitama,2020/12/24
299,7370,Saitama,2020/12/25
300,7370,Saitama,2020/12/26
301,7370,Saitama,2020/12/27
302,7370,Saitama,2020/12/28
303,7370,Saitama,2020/12/29
304,7370,Saitama,2020/12/30
305,7370,Saitama,2020/12/31
306,7370,Saitama,2021/1/1
307,7370,Saitama,2021/1/2
308,7370,Saitama,2021/1/3
309,7568,Chiba,2020/12/7
310,7658,Chiba,2020/12/8
311,7750,Chiba,2020/12/9
312,7843,Chiba,2020/12/10
313,7937,Chiba,2020/12/11
314,8032,Chiba,2020/12/12
315,8128,Chiba,2020/12/13
316,8225,Chiba,2020/12/14
317,8323,Chiba,2020/12/15
318,8423,Chiba,2020/12/16
319,8524,Chiba,2020/12/17
320,8626,Chiba,2020/12/18
321,8729,Chiba,2020/12/19
322,8833,Chiba,2020/12/20
323,8939,Chiba,2020/12/21
324,9045,Chiba,2020/12/22
325,9153,Chiba,2020/12/23
326,9263,Chiba,2020/12/24
327,9373,Chiba,2020/12/25
328,9485,Chiba,2020/12/26
329,9598,Chiba,2020/12/27
330,9713,Chiba,2020/12/28
331,9829,Chiba,2020/12/29
332,9946,Chiba,2020/12/30
333,10065,Chiba,2020/12/31
334,10185,Chiba,2021/1/1
335,10306,Chiba,2021/1/2
336,10429,Chiba,2021/1/3
337,36886,Tokyo,2020/12/7
338,36886,Tokyo,2020/12/8
339,36886,Tokyo,2020/12/9
340,36886,Tokyo,2020/12/10
341,36886,Tokyo,2020/12/11
342,36886,Tokyo,2020/12/12
343,36886,Tokyo,2020/12/13
344,36886,Tokyo,2020/12/14
345,36886,Tokyo,2020/12/15
346,36886,Tokyo,2020/12/16
347,36886,Tokyo,2020/12/17
348,36886,Tokyo,2020/12/18
349,36886,Tokyo,2020/12/19
350,36886,Tokyo,2020/12/20
351,36886,Tokyo,2020/12/21
352,36886,Tokyo,2020/12/22
353,36886,Tokyo,2020/12/23
354,36886,Tokyo,2020/12/24
355,36886,Tokyo,2020/12/25
356,36886,Tokyo,2020/12/26
357,36886,Tokyo,2020/12/27
358,36886,Tokyo,2020/12/28
359,36886,Tokyo,2020/12/29
360,36886,Tokyo,2020/12/30
361,36886,Tokyo,2020/12/31
362,36886,Tokyo,2021/1/1
363,36886,Tokyo,2021/1/2
364,36886,Tokyo,2021/1/3
365,13797,Kanagawa,2020/12/7
366,13984,Kanagawa,2020/12/8
367,14172,Kanagawa,2020/12/9
368,14364,Kanagawa,2020/12/10
369,14557,Kanagawa,2020/12/11
370,14754,Kanagawa,2020/12/12
371,14953,Kanagawa,2020/12/13
372,15154,Kanagawa,2020/12/14
373,15358,Kanagawa,2020/12/15
374,15565,Kanagawa,2020/12/16
375,15775,Kanagawa,2020/12/17
376,15987,Kanagawa,2020/12/18
377,16202,Kanagawa,2020/12/19
378,16420,Kanagawa,2020/12/20
379,16640,Kanagawa,2020/12/21
380,16864,Kanagawa,2020/12/22
381,17090,Kanagawa,2020/12/23
382,17319,Kanagawa,2020/12/24
383,17552,Kanagawa,2020/12/25
384,17787,Kanagawa,2020/12/26
385,18025,Kanagawa,2020/12/27
386,18267,Kanagawa,2020/12/28
387,18511,Kanagawa,2020/12/29
388,18759,Kanagawa,2020/12/30
389,19010,Kanagawa,2020/12/31
390,19264,Kanagawa,2021/1/1
391,19521,Kanagawa,2021/1/2
392,19781,Kanagawa,2021/1/3
393,370,Nigata,2020/12/7
394,375,Nigata,2020/12/8
395,379,Nigata,2020/12/9
396,383,Nigata,2020/12/10
397,387,Nigata,2020/12/11
398,390,Nigata,2020/12/12
399,394,Nigata,2020/12/13
400,398,Nigata,2020/12/14
401,401,Nigata,2020/12/15
402,404,Nigata,2020/12/16
403,407,Nigata,2020/12/17
404,410,Nigata,2020/12/18
405,413,Nigata,2020/12/19
406,416,Nigata,2020/12/20
407,419,Nigata,2020/12/21
408,421,Nigata,2020/12/22
409,424,Nigata,2020/12/23
410,426,Nigata,2020/12/24
411,429,Nigata,2020/12/25
412,431,Nigata,2020/12/26
413,433,Nigata,2020/12/27
414,435,Nigata,2020/12/28
415,437,Nigata,2020/12/29
416,438,Nigata,2020/12/30
417,440,Nigata,2020/12/31
418,442,Nigata,2021/1/1
419,443,Nigata,2021/1/2
420,445,Nigata,2021/1/3
421,444,Toyama,2020/12/7
422,444,Toyama,2020/12/8
423,444,Toyama,2020/12/9
424,444,Toyama,2020/12/10
425,444,Toyama,2020/12/11
426,444,Toyama,2020/12/12
427,444,Toyama,2020/12/13
428,444,Toyama,2020/12/14
429,444,Toyama,2020/12/15
430,444,Toyama,2020/12/16
431,444,Toyama,2020/12/17
432,444,Toyama,2020/12/18
433,444,Toyama,2020/12/19
434,444,Toyama,2020/12/20
435,444,Toyama,2020/12/21
436,444,Toyama,2020/12/22
437,444,Toyama,2020/12/23
438,444,Toyama,2020/12/24
439,444,Toyama,2020/12/25
440,444,Toyama,2020/12/26
441,444,Toyama,2020/12/27
442,444,Toyama,2020/12/28
443,444,Toyama,2020/12/29
444,444,Toyama,2020/12/30
445,444,Toyama,2020/12/31
446,444,Toyama,2021/1/1
447,444,Toyama,2021/1/2
448,444,Toyama,2021/1/3
449,842,Ishikawa,2020/12/7
450,842,Ishikawa,2020/12/8
451,842,Ishikawa,2020/12/9
452,842,Ishikawa,2020/12/10
453,842,Ishikawa,2020/12/11
454,842,Ishikawa,2020/12/12
455,842,Ishikawa,2020/12/13
456,842,Ishikawa,2020/12/14
457,842,Ishikawa,2020/12/15
458,842,Ishikawa,2020/12/16
459,842,Ishikawa,2020/12/17
460,842,Ishikawa,2020/12/18
461,842,Ishikawa,2020/12/19
462,842,Ishikawa,2020/12/20
463,842,Ishikawa,2020/12/21
464,842,Ishikawa,2020/12/22
465,842,Ishikawa,2020/12/23
466,842,Ishikawa,2020/12/24
467,842,Ishikawa,2020/12/25
468,842,Ishikawa,2020/12/26
469,842,Ishikawa,2020/12/27
470,842,Ishikawa,2020/12/28
471,842,Ishikawa,2020/12/29
472,842,Ishikawa,2020/12/30
473,842,Ishikawa,2020/12/31
474,842,Ishikawa,2021/1/1
475,842,Ishikawa,2021/1/2
476,842,Ishikawa,2021/1/3
477,330,Hukui,2020/12/7
478,333,Hukui,2020/12/8
479,335,Hukui,2020/12/9
480,337,Hukui,2020/12/10
481,339,Hukui,2020/12/11
482,342,Hukui,2020/12/12
483,344,Hukui,2020/12/13
484,346,Hukui,2020/12/14
485,348,Hukui,2020/12/15
486,350,Hukui,2020/12/16
487,353,Hukui,2020/12/17
488,355,Hukui,2020/12/18
489,357,Hukui,2020/12/19
490,359,Hukui,2020/12/20
491,361,Hukui,2020/12/21
492,363,Hukui,2020/12/22
493,366,Hukui,2020/12/23
494,368,Hukui,2020/12/24
495,370,Hukui,2020/12/25
496,372,Hukui,2020/12/26
497,374,Hukui,2020/12/27
498,376,Hukui,2020/12/28
499,378,Hukui,2020/12/29
500,380,Hukui,2020/12/30
501,382,Hukui,2020/12/31
502,384,Hukui,2021/1/1
503,386,Hukui,2021/1/2
504,388,Hukui,2021/1/3
505,409,Yamanashi,2020/12/7
506,416,Yamanashi,2020/12/8
507,424,Yamanashi,2020/12/9
508,431,Yamanashi,2020/12/10
509,439,Yamanashi,2020/12/11
510,446,Yamanashi,2020/12/12
511,454,Yamanashi,2020/12/13
512,462,Yamanashi,2020/12/14
513,470,Yamanashi,2020/12/15
514,478,Yamanashi,2020/12/16
515,486,Yamanashi,2020/12/17
516,494,Yamanashi,2020/12/18
517,503,Yamanashi,2020/12/19
518,511,Yamanashi,2020/12/20
519,520,Yamanashi,2020/12/21
520,528,Yamanashi,2020/12/22
521,537,Yamanashi,2020/12/23
522,546,Yamanashi,2020/12/24
523,556,Yamanashi,2020/12/25
524,565,Yamanashi,2020/12/26
525,574,Yamanashi,2020/12/27
526,584,Yamanashi,2020/12/28
527,593,Yamanashi,2020/12/29
528,603,Yamanashi,2020/12/30
529,613,Yamanashi,2020/12/31
530,623,Yamanashi,2021/1/1
531,633,Yamanashi,2021/1/2
532,644,Yamanashi,2021/1/3
533,832,Nagano,2020/12/7
534,849,Nagano,2020/12/8
535,865,Nagano,2020/12/9
536,882,Nagano,2020/12/10
537,898,Nagano,2020/12/11
538,915,Nagano,2020/12/12
539,931,Nagano,2020/12/13
540,947,Nagano,2020/12/14
541,963,Nagano,2020/12/15
542,979,Nagano,2020/12/16
543,994,Nagano,2020/12/17
544,1010,Nagano,2020/12/18
545,1025,Nagano,2020/12/19
546,1040,Nagano,2020/12/20
547,1054,Nagano,2020/12/21
548,1069,Nagano,2020/12/22
549,1083,Nagano,2020/12/23
550,1097,Nagano,2020/12/24
551,1111,Nagano,2020/12/25
552,1124,Nagano,2020/12/26
553,1137,Nagano,2020/12/27
554,1150,Nagano,2020/12/28
555,1163,Nagano,2020/12/29
556,1175,Nagano,2020/12/30
557,1187,Nagano,2020/12/31
558,1199,Nagano,2021/1/1
559,1211,Nagano,2021/1/2
560,1222,Nagano,2021/1/3
561,1225,Gifu,2020/12/7
562,1247,Gifu,2020/12/8
563,1269,Gifu,2020/12/9
564,1292,Gifu,2020/12/10
565,1315,Gifu,2020/12/11
566,1339,Gifu,2020/12/12
567,1363,Gifu,2020/12/13
568,1388,Gifu,2020/12/14
569,1413,Gifu,2020/12/15
570,1438,Gifu,2020/12/16
571,1464,Gifu,2020/12/17
572,1490,Gifu,2020/12/18
573,1517,Gifu,2020/12/19
574,1544,Gifu,2020/12/20
575,1572,Gifu,2020/12/21
576,1601,Gifu,2020/12/22
577,1629,Gifu,2020/12/23
578,1659,Gifu,2020/12/24
579,1689,Gifu,2020/12/25
580,1719,Gifu,2020/12/26
581,1750,Gifu,2020/12/27
582,1782,Gifu,2020/12/28
583,1814,Gifu,2020/12/29
584,1846,Gifu,2020/12/30
585,1880,Gifu,2020/12/31
586,1913,Gifu,2021/1/1
587,1948,Gifu,2021/1/2
588,1983,Gifu,2021/1/3
589,2086,Shizuoka,2020/12/7
590,2163,Shizuoka,2020/12/8
591,2242,Shizuoka,2020/12/9
592,2325,Shizuoka,2020/12/10
593,2410,Shizuoka,2020/12/11
594,2499,Shizuoka,2020/12/12
595,2591,Shizuoka,2020/12/13
596,2686,Shizuoka,2020/12/14
597,2785,Shizuoka,2020/12/15
598,2887,Shizuoka,2020/12/16
599,2994,Shizuoka,2020/12/17
600,3104,Shizuoka,2020/12/18
601,3218,Shizuoka,2020/12/19
602,3336,Shizuoka,2020/12/20
603,3459,Shizuoka,2020/12/21
604,3586,Shizuoka,2020/12/22
605,3718,Shizuoka,2020/12/23
606,3854,Shizuoka,2020/12/24
607,3996,Shizuoka,2020/12/25
608,4143,Shizuoka,2020/12/26
609,4295,Shizuoka,2020/12/27
610,4453,Shizuoka,2020/12/28
611,4616,Shizuoka,2020/12/29
612,4785,Shizuoka,2020/12/30
613,4961,Shizuoka,2020/12/31
614,5143,Shizuoka,2021/1/1
615,5331,Shizuoka,2021/1/2
616,5527,Shizuoka,2021/1/3
617,8458,Aichi,2020/12/7
618,8458,Aichi,2020/12/8
619,8458,Aichi,2020/12/9
620,8458,Aichi,2020/12/10
621,8458,Aichi,2020/12/11
622,8458,Aichi,2020/12/12
623,8458,Aichi,2020/12/13
624,8458,Aichi,2020/12/14
625,8458,Aichi,2020/12/15
626,8458,Aichi,2020/12/16
627,8458,Aichi,2020/12/17
628,8458,Aichi,2020/12/18
629,8458,Aichi,2020/12/19
630,8458,Aichi,2020/12/20
631,8458,Aichi,2020/12/21
632,8458,Aichi,2020/12/22
633,8458,Aichi,2020/12/23
634,8458,Aichi,2020/12/24
635,8458,Aichi,2020/12/25
636,8458,Aichi,2020/12/26
637,8458,Aichi,2020/12/27
638,8458,Aichi,2020/12/28
639,8458,Aichi,2020/12/29
640,8458,Aichi,2020/12/30
641,8458,Aichi,2020/12/31
642,8458,Aichi,2021/1/1
643,8458,Aichi,2021/1/2
644,8458,Aichi,2021/1/3
645,947,Mie,2020/12/7
646,963,Mie,2020/12/8
647,980,Mie,2020/12/9
648,997,Mie,2020/12/10
649,1014,Mie,2020/12/11
650,1031,Mie,2020/12/12
651,1048,Mie,2020/12/13
652,1066,Mie,2020/12/14
653,1085,Mie,2020/12/15
654,1103,Mie,2020/12/16
655,1122,Mie,2020/12/17
656,1141,Mie,2020/12/18
657,1161,Mie,2020/12/19
658,1180,Mie,2020/12/20
659,1201,Mie,2020/12/21
660,1221,Mie,2020/12/22
661,1242,Mie,2020/12/23
662,1263,Mie,2020/12/24
663,1285,Mie,2020/12/25
664,1307,Mie,2020/12/26
665,1329,Mie,2020/12/27
666,1352,Mie,2020/12/28
667,1375,Mie,2020/12/29
668,1398,Mie,2020/12/30
669,1422,Mie,2020/12/31
670,1447,Mie,2021/1/1
671,1471,Mie,2021/1/2
672,1497,Mie,2021/1/3
673,834,Shiga,2020/12/7
674,841,Shiga,2020/12/8
675,847,Shiga,2020/12/9
676,853,Shiga,2020/12/10
677,859,Shiga,2020/12/11
678,865,Shiga,2020/12/12
679,871,Shiga,2020/12/13
680,876,Shiga,2020/12/14
681,882,Shiga,2020/12/15
682,887,Shiga,2020/12/16
683,892,Shiga,2020/12/17
684,897,Shiga,2020/12/18
685,902,Shiga,2020/12/19
686,907,Shiga,2020/12/20
687,912,Shiga,2020/12/21
688,917,Shiga,2020/12/22
689,922,Shiga,2020/12/23
690,926,Shiga,2020/12/24
691,930,Shiga,2020/12/25
692,935,Shiga,2020/12/26
693,939,Shiga,2020/12/27
694,943,Shiga,2020/12/28
695,947,Shiga,2020/12/29
696,951,Shiga,2020/12/30
697,955,Shiga,2020/12/31
698,958,Shiga,2021/1/1
699,962,Shiga,2021/1/2
700,965,Shiga,2021/1/3
701,2863,Kyoto,2020/12/7
702,2891,Kyoto,2020/12/8
703,2919,Kyoto,2020/12/9
704,2947,Kyoto,2020/12/10
705,2976,Kyoto,2020/12/11
706,3005,Kyoto,2020/12/12
707,3034,Kyoto,2020/12/13
708,3063,Kyoto,2020/12/14
709,3093,Kyoto,2020/12/15
710,3123,Kyoto,2020/12/16
711,3153,Kyoto,2020/12/17
712,3184,Kyoto,2020/12/18
713,3215,Kyoto,2020/12/19
714,3246,Kyoto,2020/12/20
715,3277,Kyoto,2020/12/21
716,3309,Kyoto,2020/12/22
717,3341,Kyoto,2020/12/23
718,3373,Kyoto,2020/12/24
719,3406,Kyoto,2020/12/25
720,3439,Kyoto,2020/12/26
721,3472,Kyoto,2020/12/27
722,3506,Kyoto,2020/12/28
723,3540,Kyoto,2020/12/29
724,3574,Kyoto,2020/12/30
725,3609,Kyoto,2020/12/31
726,3644,Kyoto,2021/1/1
727,3679,Kyoto,2021/1/2
728,3715,Kyoto,2021/1/3
729,22758,Osaka,2020/12/7
730,23149,Osaka,2020/12/8
731,23546,Osaka,2020/12/9
732,23950,Osaka,2020/12/10
733,24360,Osaka,2020/12/11
734,24777,Osaka,2020/12/12
735,25201,Osaka,2020/12/13
736,25631,Osaka,2020/12/14
737,26068,Osaka,2020/12/15
738,26513,Osaka,2020/12/16
739,26965,Osaka,2020/12/17
740,27423,Osaka,2020/12/18
741,27890,Osaka,2020/12/19
742,28363,Osaka,2020/12/20
743,28845,Osaka,2020/12/21
744,29333,Osaka,2020/12/22
745,29830,Osaka,2020/12/23
746,30335,Osaka,2020/12/24
747,30847,Osaka,2020/12/25
748,31368,Osaka,2020/12/26
749,31896,Osaka,2020/12/27
750,32434,Osaka,2020/12/28
751,32979,Osaka,2020/12/29
752,33533,Osaka,2020/12/30
753,34096,Osaka,2020/12/31
754,34667,Osaka,2021/1/1
755,35247,Osaka,2021/1/2
756,35836,Osaka,2021/1/3
757,6533,Hyogo,2020/12/7
758,6673,Hyogo,2020/12/8
759,6816,Hyogo,2020/12/9
760,6963,Hyogo,2020/12/10
761,7112,Hyogo,2020/12/11
762,7265,Hyogo,2020/12/12
763,7421,Hyogo,2020/12/13
764,7580,Hyogo,2020/12/14
765,7742,Hyogo,2020/12/15
766,7908,Hyogo,2020/12/16
767,8078,Hyogo,2020/12/17
768,8251,Hyogo,2020/12/18
769,8427,Hyogo,2020/12/19
770,8608,Hyogo,2020/12/20
771,8792,Hyogo,2020/12/21
772,8980,Hyogo,2020/12/22
773,9172,Hyogo,2020/12/23
774,9368,Hyogo,2020/12/24
775,9568,Hyogo,2020/12/25
776,9773,Hyogo,2020/12/26
777,9982,Hyogo,2020/12/27
778,10195,Hyogo,2020/12/28
779,10412,Hyogo,2020/12/29
780,10634,Hyogo,2020/12/30
781,10861,Hyogo,2020/12/31
782,11092,Hyogo,2021/1/1
783,11328,Hyogo,2021/1/2
784,11570,Hyogo,2021/1/3
785,1305,Nara,2020/12/7
786,1331,Nara,2020/12/8
787,1358,Nara,2020/12/9
788,1385,Nara,2020/12/10
789,1413,Nara,2020/12/11
790,1441,Nara,2020/12/12
791,1470,Nara,2020/12/13
792,1500,Nara,2020/12/14
793,1530,Nara,2020/12/15
794,1560,Nara,2020/12/16
795,1592,Nara,2020/12/17
796,1623,Nara,2020/12/18
797,1656,Nara,2020/12/19
798,1689,Nara,2020/12/20
799,1723,Nara,2020/12/21
800,1758,Nara,2020/12/22
801,1793,Nara,2020/12/23
802,1829,Nara,2020/12/24
803,1865,Nara,2020/12/25
804,1903,Nara,2020/12/26
805,1941,Nara,2020/12/27
806,1980,Nara,2020/12/28
807,2020,Nara,2020/12/29
808,2060,Nara,2020/12/30
809,2101,Nara,2020/12/31
810,2144,Nara,2021/1/1
811,2187,Nara,2021/1/2
812,2230,Nara,2021/1/3
813,515,Wakayama,2020/12/7
814,526,Wakayama,2020/12/8
815,536,Wakayama,2020/12/9
816,547,Wakayama,2020/12/10
817,558,Wakayama,2020/12/11
818,569,Wakayama,2020/12/12
819,580,Wakayama,2020/12/13
820,592,Wakayama,2020/12/14
821,604,Wakayama,2020/12/15
822,616,Wakayama,2020/12/16
823,628,Wakayama,2020/12/17
824,641,Wakayama,2020/12/18
825,654,Wakayama,2020/12/19
826,667,Wakayama,2020/12/20
827,681,Wakayama,2020/12/21
828,694,Wakayama,2020/12/22
829,708,Wakayama,2020/12/23
830,722,Wakayama,2020/12/24
831,737,Wakayama,2020/12/25
832,752,Wakayama,2020/12/26
833,767,Wakayama,2020/12/27
834,782,Wakayama,2020/12/28
835,798,Wakayama,2020/12/29
836,814,Wakayama,2020/12/30
837,831,Wakayama,2020/12/31
838,847,Wakayama,2021/1/1
839,864,Wakayama,2021/1/2
840,882,Wakayama,2021/1/3
841,61,Tottori,2020/12/7
842,61,Tottori,2020/12/8
843,62,Tottori,2020/12/9
844,62,Tottori,2020/12/10
845,62,Tottori,2020/12/11
846,62,Tottori,2020/12/12
847,62,Tottori,2020/12/13
848,62,Tottori,2020/12/14
849,62,Tottori,2020/12/15
850,62,Tottori,2020/12/16
851,63,Tottori,2020/12/17
852,63,Tottori,2020/12/18
853,63,Tottori,2020/12/19
854,63,Tottori,2020/12/20
855,63,Tottori,2020/12/21
856,63,Tottori,2020/12/22
857,63,Tottori,2020/12/23
858,63,Tottori,2020/12/24
859,63,Tottori,2020/12/25
860,63,Tottori,2020/12/26
861,63,Tottori,2020/12/27
862,63,Tottori,2020/12/28
863,63,Tottori,2020/12/29
864,63,Tottori,2020/12/30
865,63,Tottori,2020/12/31
866,63,Tottori,2021/1/1
867,63,Tottori,2021/1/2
868,63,Tottori,2021/1/3
869,145,Shimane,2020/12/7
870,145,Shimane,2020/12/8
871,145,Shimane,2020/12/9
872,145,Shimane,2020/12/10
873,145,Shimane,2020/12/11
874,145,Shimane,2020/12/12
875,145,Shimane,2020/12/13
876,145,Shimane,2020/12/14
877,145,Shimane,2020/12/15
878,145,Shimane,2020/12/16
879,145,Shimane,2020/12/17
880,145,Shimane,2020/12/18
881,145,Shimane,2020/12/19
882,145,Shimane,2020/12/20
883,145,Shimane,2020/12/21
884,145,Shimane,2020/12/22
885,145,Shimane,2020/12/23
886,145,Shimane,2020/12/24
887,145,Shimane,2020/12/25
888,145,Shimane,2020/12/26
889,145,Shimane,2020/12/27
890,145,Shimane,2020/12/28
891,145,Shimane,2020/12/29
892,145,Shimane,2020/12/30
893,145,Shimane,2020/12/31
894,145,Shimane,2021/1/1
895,145,Shimane,2021/1/2
896,145,Shimane,2021/1/3
897,688,Okayama,2020/12/7
898,702,Okayama,2020/12/8
899,717,Okayama,2020/12/9
900,732,Okayama,2020/12/10
901,746,Okayama,2020/12/11
902,761,Okayama,2020/12/12
903,776,Okayama,2020/12/13
904,791,Okayama,2020/12/14
905,806,Okayama,2020/12/15
906,821,Okayama,2020/12/16
907,836,Okayama,2020/12/17
908,851,Okayama,2020/12/18
909,866,Okayama,2020/12/19
910,881,Okayama,2020/12/20
911,896,Okayama,2020/12/21
912,911,Okayama,2020/12/22
913,926,Okayama,2020/12/23
914,941,Okayama,2020/12/24
915,956,Okayama,2020/12/25
916,970,Okayama,2020/12/26
917,985,Okayama,2020/12/27
918,1000,Okayama,2020/12/28
919,1014,Okayama,2020/12/29
920,1028,Okayama,2020/12/30
921,1043,Okayama,2020/12/31
922,1057,Okayama,2021/1/1
923,1071,Okayama,2021/1/2
924,1085,Okayama,2021/1/3
925,963,Hiroshima,2020/12/7
926,975,Hiroshima,2020/12/8
927,988,Hiroshima,2020/12/9
928,1001,Hiroshima,2020/12/10
929,1015,Hiroshima,2020/12/11
930,1028,Hiroshima,2020/12/12
931,1042,Hiroshima,2020/12/13
932,1055,Hiroshima,2020/12/14
933,1069,Hiroshima,2020/12/15
934,1084,Hiroshima,2020/12/16
935,1098,Hiroshima,2020/12/17
936,1112,Hiroshima,2020/12/18
937,1127,Hiroshima,2020/12/19
938,1142,Hiroshima,2020/12/20
939,1157,Hiroshima,2020/12/21
940,1172,Hiroshima,2020/12/22
941,1188,Hiroshima,2020/12/23
942,1204,Hiroshima,2020/12/24
943,1220,Hiroshima,2020/12/25
944,1236,Hiroshima,2020/12/26
945,1252,Hiroshima,2020/12/27
946,1269,Hiroshima,2020/12/28
947,1286,Hiroshima,2020/12/29
948,1303,Hiroshima,2020/12/30
949,1320,Hiroshima,2020/12/31
950,1337,Hiroshima,2021/1/1
951,1355,Hiroshima,2021/1/2
952,1373,Hiroshima,2021/1/3
953,433,Yamaguchi,2020/12/7
954,439,Yamaguchi,2020/12/8
955,446,Yamaguchi,2020/12/9
956,452,Yamaguchi,2020/12/10
957,458,Yamaguchi,2020/12/11
958,464,Yamaguchi,2020/12/12
959,470,Yamaguchi,2020/12/13
960,476,Yamaguchi,2020/12/14
961,482,Yamaguchi,2020/12/15
962,488,Yamaguchi,2020/12/16
963,494,Yamaguchi,2020/12/17
964,499,Yamaguchi,2020/12/18
965,505,Yamaguchi,2020/12/19
966,510,Yamaguchi,2020/12/20
967,515,Yamaguchi,2020/12/21
968,520,Yamaguchi,2020/12/22
969,525,Yamaguchi,2020/12/23
970,530,Yamaguchi,2020/12/24
971,535,Yamaguchi,2020/12/25
972,539,Yamaguchi,2020/12/26
973,544,Yamaguchi,2020/12/27
974,548,Yamaguchi,2020/12/28
975,552,Yamaguchi,2020/12/29
976,556,Yamaguchi,2020/12/30
977,560,Yamaguchi,2020/12/31
978,564,Yamaguchi,2021/1/1
979,568,Yamaguchi,2021/1/2
980,572,Yamaguchi,2021/1/3
981,176,Tokushima,2020/12/7
982,176,Tokushima,2020/12/8
983,176,Tokushima,2020/12/9
984,176,Tokushima,2020/12/10
985,176,Tokushima,2020/12/11
986,176,Tokushima,2020/12/12
987,176,Tokushima,2020/12/13
988,176,Tokushima,2020/12/14
989,176,Tokushima,2020/12/15
990,176,Tokushima,2020/12/16
991,176,Tokushima,2020/12/17
992,176,Tokushima,2020/12/18
993,176,Tokushima,2020/12/19
994,176,Tokushima,2020/12/20
995,176,Tokushima,2020/12/21
996,176,Tokushima,2020/12/22
997,176,Tokushima,2020/12/23
998,176,Tokushima,2020/12/24
999,176,Tokushima,2020/12/25
1000,176,Tokushima,2020/12/26
1001,176,Tokushima,2020/12/27
1002,176,Tokushima,2020/12/28
1003,176,Tokushima,2020/12/29
1004,176,Tokushima,2020/12/30
1005,176,Tokushima,2020/12/31
1006,176,Tokushima,2021/1/1
1007,176,Tokushima,2021/1/2
1008,176,Tokushima,2021/1/3
1009,165,Kagawa,2020/12/7
1010,167,Kagawa,2020/12/8
1011,170,Kagawa,2020/12/9
1012,172,Kagawa,2020/12/10
1013,175,Kagawa,2020/12/11
1014,178,Kagawa,2020/12/12
1015,180,Kagawa,2020/12/13
1016,183,Kagawa,2020/12/14
1017,186,Kagawa,2020/12/15
1018,189,Kagawa,2020/12/16
1019,192,Kagawa,2020/12/17
1020,195,Kagawa,2020/12/18
1021,198,Kagawa,2020/12/19
1022,201,Kagawa,2020/12/20
1023,204,Kagawa,2020/12/21
1024,207,Kagawa,2020/12/22
1025,210,Kagawa,2020/12/23
1026,213,Kagawa,2020/12/24
1027,217,Kagawa,2020/12/25
1028,220,Kagawa,2020/12/26
1029,223,Kagawa,2020/12/27
1030,227,Kagawa,2020/12/28
1031,230,Kagawa,2020/12/29
1032,234,Kagawa,2020/12/30
1033,238,Kagawa,2020/12/31
1034,241,Kagawa,2021/1/1
1035,245,Kagawa,2021/1/2
1036,249,Kagawa,2021/1/3
1037,380,Ehime,2020/12/7
1038,393,Ehime,2020/12/8
1039,406,Ehime,2020/12/9
1040,420,Ehime,2020/12/10
1041,433,Ehime,2020/12/11
1042,446,Ehime,2020/12/12
1043,460,Ehime,2020/12/13
1044,474,Ehime,2020/12/14
1045,487,Ehime,2020/12/15
1046,501,Ehime,2020/12/16
1047,514,Ehime,2020/12/17
1048,528,Ehime,2020/12/18
1049,541,Ehime,2020/12/19
1050,554,Ehime,2020/12/20
1051,568,Ehime,2020/12/21
1052,581,Ehime,2020/12/22
1053,594,Ehime,2020/12/23
1054,606,Ehime,2020/12/24
1055,619,Ehime,2020/12/25
1056,631,Ehime,2020/12/26
1057,643,Ehime,2020/12/27
1058,655,Ehime,2020/12/28
1059,667,Ehime,2020/12/29
1060,678,Ehime,2020/12/30
1061,689,Ehime,2020/12/31
1062,700,Ehime,2021/1/1
1063,711,Ehime,2021/1/2
1064,721,Ehime,2021/1/3
1065,155,Kouchi,2020/12/7
1066,155,Kouchi,2020/12/8
1067,155,Kouchi,2020/12/9
1068,155,Kouchi,2020/12/10
1069,155,Kouchi,2020/12/11
1070,155,Kouchi,2020/12/12
1071,155,Kouchi,2020/12/13
1072,155,Kouchi,2020/12/14
1073,155,Kouchi,2020/12/15
1074,155,Kouchi,2020/12/16
1075,155,Kouchi,2020/12/17
1076,155,Kouchi,2020/12/18
1077,155,Kouchi,2020/12/19
1078,155,Kouchi,2020/12/20
1079,155,Kouchi,2020/12/21
1080,155,Kouchi,2020/12/22
1081,155,Kouchi,2020/12/23
1082,155,Kouchi,2020/12/24
1083,155,Kouchi,2020/12/25
1084,155,Kouchi,2020/12/26
1085,155,Kouchi,2020/12/27
1086,155,Kouchi,2020/12/28
1087,155,Kouchi,2020/12/29
1088,155,Kouchi,2020/12/30
1089,155,Kouchi,2020/12/31
1090,155,Kouchi,2021/1/1
1091,155,Kouchi,2021/1/2
1092,155,Kouchi,2021/1/3
1093,5565,Hukuoka,2020/12/7
1094,5565,Hukuoka,2020/12/8
1095,5565,Hukuoka,2020/12/9
1096,5565,Hukuoka,2020/12/10
1097,5565,Hukuoka,2020/12/11
1098,5565,Hukuoka,2020/12/12
1099,5565,Hukuoka,2020/12/13
1100,5565,Hukuoka,2020/12/14
1101,5565,Hukuoka,2020/12/15
1102,5565,Hukuoka,2020/12/16
1103,5565,Hukuoka,2020/12/17
1104,5565,Hukuoka,2020/12/18
1105,5565,Hukuoka,2020/12/19
1106,5565,Hukuoka,2020/12/20
1107,5565,Hukuoka,2020/12/21
1108,5565,Hukuoka,2020/12/22
1109,5565,Hukuoka,2020/12/23
1110,5565,Hukuoka,2020/12/24
1111,5565,Hukuoka,2020/12/25
1112,5565,Hukuoka,2020/12/26
1113,5565,Hukuoka,2020/12/27
1114,5565,Hukuoka,2020/12/28
1115,5565,Hukuoka,2020/12/29
1116,5565,Hukuoka,2020/12/30
1117,5565,Hukuoka,2020/12/31
1118,5565,Hukuoka,2021/1/1
1119,5565,Hukuoka,2021/1/2
1120,5565,Hukuoka,2021/1/3
1121,295,Saga,2020/12/7
1122,295,Saga,2020/12/8
1123,295,Saga,2020/12/9
1124,295,Saga,2020/12/10
1125,295,Saga,2020/12/11
1126,295,Saga,2020/12/12
1127,295,Saga,2020/12/13
1128,295,Saga,2020/12/14
1129,295,Saga,2020/12/15
1130,295,Saga,2020/12/16
1131,295,Saga,2020/12/17
1132,295,Saga,2020/12/18
1133,295,Saga,2020/12/19
1134,295,Saga,2020/12/20
1135,295,Saga,2020/12/21
1136,295,Saga,2020/12/22
1137,295,Saga,2020/12/23
1138,295,Saga,2020/12/24
1139,295,Saga,2020/12/25
1140,295,Saga,2020/12/26
1141,295,Saga,2020/12/27
1142,295,Saga,2020/12/28
1143,295,Saga,2020/12/29
1144,295,Saga,2020/12/30
1145,295,Saga,2020/12/31
1146,295,Saga,2021/1/1
1147,295,Saga,2021/1/2
1148,295,Saga,2021/1/3
1149,261,Nagasaki,2020/12/7
1150,261,Nagasaki,2020/12/8
1151,261,Nagasaki,2020/12/9
1152,261,Nagasaki,2020/12/10
1153,261,Nagasaki,2020/12/11
1154,261,Nagasaki,2020/12/12
1155,261,Nagasaki,2020/12/13
1156,261,Nagasaki,2020/12/14
1157,261,Nagasaki,2020/12/15
1158,261,Nagasaki,2020/12/16
1159,261,Nagasaki,2020/12/17
1160,261,Nagasaki,2020/12/18
1161,261,Nagasaki,2020/12/19
1162,261,Nagasaki,2020/12/20
1163,261,Nagasaki,2020/12/21
1164,261,Nagasaki,2020/12/22
1165,261,Nagasaki,2020/12/23
1166,261,Nagasaki,2020/12/24
1167,261,Nagasaki,2020/12/25
1168,261,Nagasaki,2020/12/26
1169,261,Nagasaki,2020/12/27
1170,261,Nagasaki,2020/12/28
1171,261,Nagasaki,2020/12/29
1172,261,Nagasaki,2020/12/30
1173,261,Nagasaki,2020/12/31
1174,261,Nagasaki,2021/1/1
1175,261,Nagasaki,2021/1/2
1176,261,Nagasaki,2021/1/3
1177,1026,Kumamoto,2020/12/7
1178,1027,Kumamoto,2020/12/8
1179,1027,Kumamoto,2020/12/9
1180,1027,Kumamoto,2020/12/10
1181,1027,Kumamoto,2020/12/11
1182,1027,Kumamoto,2020/12/12
1183,1027,Kumamoto,2020/12/13
1184,1027,Kumamoto,2020/12/14
1185,1027,Kumamoto,2020/12/15
1186,1027,Kumamoto,2020/12/16
1187,1027,Kumamoto,2020/12/17
1188,1027,Kumamoto,2020/12/18
1189,1027,Kumamoto,2020/12/19
1190,1027,Kumamoto,2020/12/20
1191,1027,Kumamoto,2020/12/21
1192,1027,Kumamoto,2020/12/22
1193,1027,Kumamoto,2020/12/23
1194,1027,Kumamoto,2020/12/24
1195,1027,Kumamoto,2020/12/25
1196,1027,Kumamoto,2020/12/26
1197,1027,Kumamoto,2020/12/27
1198,1027,Kumamoto,2020/12/28
1199,1027,Kumamoto,2020/12/29
1200,1027,Kumamoto,2020/12/30
1201,1027,Kumamoto,2020/12/31
1202,1027,Kumamoto,2021/1/1
1203,1027,Kumamoto,2021/1/2
1204,1027,Kumamoto,2021/1/3
1205,375,Ooita,2020/12/7
1206,388,Ooita,2020/12/8
1207,400,Ooita,2020/12/9
1208,413,Ooita,2020/12/10
1209,427,Ooita,2020/12/11
1210,441,Ooita,2020/12/12
1211,456,Ooita,2020/12/13
1212,471,Ooita,2020/12/14
1213,486,Ooita,2020/12/15
1214,503,Ooita,2020/12/16
1215,519,Ooita,2020/12/17
1216,536,Ooita,2020/12/18
1217,554,Ooita,2020/12/19
1218,573,Ooita,2020/12/20
1219,592,Ooita,2020/12/21
1220,611,Ooita,2020/12/22
1221,632,Ooita,2020/12/23
1222,653,Ooita,2020/12/24
1223,674,Ooita,2020/12/25
1224,697,Ooita,2020/12/26
1225,720,Ooita,2020/12/27
1226,744,Ooita,2020/12/28
1227,769,Ooita,2020/12/29
1228,794,Ooita,2020/12/30
1229,821,Ooita,2020/12/31
1230,848,Ooita,2021/1/1
1231,877,Ooita,2021/1/2
1232,906,Ooita,2021/1/3
1233,541,Miyazaki,2020/12/7
1234,548,Miyazaki,2020/12/8
1235,556,Miyazaki,2020/12/9
1236,563,Miyazaki,2020/12/10
1237,571,Miyazaki,2020/12/11
1238,579,Miyazaki,2020/12/12
1239,587,Miyazaki,2020/12/13
1240,595,Miyazaki,2020/12/14
1241,604,Miyazaki,2020/12/15
1242,612,Miyazaki,2020/12/16
1243,620,Miyazaki,2020/12/17
1244,629,Miyazaki,2020/12/18
1245,638,Miyazaki,2020/12/19
1246,647,Miyazaki,2020/12/20
1247,656,Miyazaki,2020/12/21
1248,665,Miyazaki,2020/12/22
1249,674,Miyazaki,2020/12/23
1250,683,Miyazaki,2020/12/24
1251,693,Miyazaki,2020/12/25
1252,703,Miyazaki,2020/12/26
1253,712,Miyazaki,2020/12/27
1254,722,Miyazaki,2020/12/28
1255,732,Miyazaki,2020/12/29
1256,742,Miyazaki,2020/12/30
1257,753,Miyazaki,2020/12/31
1258,763,Miyazaki,2021/1/1
1259,774,Miyazaki,2021/1/2
1260,785,Miyazaki,2021/1/3
1261,620,Kagoshima,2020/12/7
1262,620,Kagoshima,2020/12/8
1263,620,Kagoshima,2020/12/9
1264,620,Kagoshima,2020/12/10
1265,620,Kagoshima,2020/12/11
1266,620,Kagoshima,2020/12/12
1267,620,Kagoshima,2020/12/13
1268,620,Kagoshima,2020/12/14
1269,620,Kagoshima,2020/12/15
1270,620,Kagoshima,2020/12/16
1271,620,Kagoshima,2020/12/17
1272,620,Kagoshima,2020/12/18
1273,620,Kagoshima,2020/12/19
1274,620,Kagoshima,2020/12/20
1275,620,Kagoshima,2020/12/21
1276,620,Kagoshima,2020/12/22
1277,620,Kagoshima,2020/12/23
1278,620,Kagoshima,2020/12/24
1279,620,Kagoshima,2020/12/25
1280,620,Kagoshima,2020/12/26
1281,620,Kagoshima,2020/12/27
1282,620,Kagoshima,2020/12/28
1283,620,Kagoshima,2020/12/29
1284,620,Kagoshima,2020/12/30
1285,620,Kagoshima,2020/12/31
1286,620,Kagoshima,2021/1/1
1287,620,Kagoshima,2021/1/2
1288,620,Kagoshima,2021/1/3
1289,4595,Okinawa,2020/12/7
1290,4638,Okinawa,2020/12/8
1291,4680,Okinawa,2020/12/9
1292,4724,Okinawa,2020/12/10
1293,4768,Okinawa,2020/12/11
1294,4812,Okinawa,2020/12/12
1295,4856,Okinawa,2020/12/13
1296,4901,Okinawa,2020/12/14
1297,4947,Okinawa,2020/12/15
1298,4992,Okinawa,2020/12/16
1299,5038,Okinawa,2020/12/17
1300,5085,Okinawa,2020/12/18
1301,5132,Okinawa,2020/12/19
1302,5180,Okinawa,2020/12/20
1303,5228,Okinawa,2020/12/21
1304,5276,Okinawa,2020/12/22
1305,5325,Okinawa,2020/12/23
1306,5374,Okinawa,2020/12/24
1307,5424,Okinawa,2020/12/25
1308,5474,Okinawa,2020/12/26
1309,5524,Okinawa,2020/12/27
1310,5575,Okinawa,2020/12/28
1311,5627,Okinawa,2020/12/29
1312,5679,Okinawa,2020/12/30
1313,5732,Okinawa,2020/12/31
1314,5784,Okinawa,2021/1/1
1315,5838,Okinawa,2021/1/2
1316,5892,Okinawa,2021/1/3
