ID,Region,Date,ConfirmedCases
1,Hokkaido,2020-11-01,3205
2,Hokkaido,2020-11-02,3301
3,Hokkaido,2020-11-03,3372
4,Hokkaido,2020-11-04,3447
5,Hokkaido,2020-11-05,3566
6,Hokkaido,2020-11-06,3681
7,Hokkaido,2020-11-07,3868
8,Hokkaido,2020-11-08,4021
9,Hokkaido,2020-11-09,4221
10,Hokkaido,2020-11-10,4387
11,Hokkaido,2020-11-11,4584
12,Hokkaido,2020-11-12,4820
13,Hokkaido,2020-11-13,5055
14,Hokkaido,2020-11-14,5285
15,Hokkaido,2020-11-15,5494
16,Hokkaido,2020-11-16,5683
17,Hokkaido,2020-11-17,5880
18,Hokkaido,2020-11-18,6113
19,Hokkaido,2020-11-19,6380
20,Hokkaido,2020-11-20,6684
21,Hokkaido,2020-11-21,6918
22,Hokkaido,2020-11-22,7163
23,Hokkaido,2020-11-23,7369
24,Hokkaido,2020-11-24,7585
25,Hokkaido,2020-11-25,7766
26,Hokkaido,2020-11-26,8022
27,Hokkaido,2020-11-27,8274
28,Hokkaido,2020-11-28,8526
29,Hokkaido,2020-11-29,8718
30,Hokkaido,2020-11-30,8869
31,Hokkaido,2020-12-01,9075
32,Hokkaido,2020-12-02,9251
33,Hokkaido,2020-12-03,9457
34,Hokkaido,2020-12-04,9669
35,Hokkaido,2020-12-05,9852
36,Hokkaido,2020-12-06,10039
37,Aomori,2020-11-01,236
38,Aomori,2020-11-02,244
39,Aomori,2020-11-03,245
40,Aomori,2020-11-04,256
41,Aomori,2020-11-05,264
42,Aomori,2020-11-06,269
43,Aomori,2020-11-07,271
44,Aomori,2020-11-08,273
45,Aomori,2020-11-09,274
46,Aomori,2020-11-10,274
47,Aomori,2020-11-11,275
48,Aomori,2020-11-12,275
49,Aomori,2020-11-13,275
50,Aomori,2020-11-14,278
51,Aomori,2020-11-15,278
52,Aomori,2020-11-16,279
53,Aomori,2020-11-17,280
54,Aomori,2020-11-18,280
55,Aomori,2020-11-19,280
56,Aomori,2020-11-20,280
57,Aomori,2020-11-21,280
58,Aomori,2020-11-22,280
59,Aomori,2020-11-23,281
60,Aomori,2020-11-24,281
61,Aomori,2020-11-25,284
62,Aomori,2020-11-26,285
63,Aomori,2020-11-27,287
64,Aomori,2020-11-28,287
65,Aomori,2020-11-29,287
66,Aomori,2020-11-30,295
67,Aomori,2020-12-01,299
68,Aomori,2020-12-02,307
69,Aomori,2020-12-03,315
70,Aomori,2020-12-04,321
71,Aomori,2020-12-05,324
72,Aomori,2020-12-06,330
73,Iwate,2020-11-01,27
74,Iwate,2020-11-02,27
75,Iwate,2020-11-03,29
76,Iwate,2020-11-04,29
77,Iwate,2020-11-05,29
78,Iwate,2020-11-06,30
79,Iwate,2020-11-07,30
80,Iwate,2020-11-08,30
81,Iwate,2020-11-09,31
82,Iwate,2020-11-10,33
83,Iwate,2020-11-11,41
84,Iwate,2020-11-12,51
85,Iwate,2020-11-13,64
86,Iwate,2020-11-14,69
87,Iwate,2020-11-15,75
88,Iwate,2020-11-16,77
89,Iwate,2020-11-17,86
90,Iwate,2020-11-18,89
91,Iwate,2020-11-19,97
92,Iwate,2020-11-20,112
93,Iwate,2020-11-21,127
94,Iwate,2020-11-22,137
95,Iwate,2020-11-23,141
96,Iwate,2020-11-24,155
97,Iwate,2020-11-25,162
98,Iwate,2020-11-26,175
99,Iwate,2020-11-27,179
100,Iwate,2020-11-28,183
101,Iwate,2020-11-29,191
102,Iwate,2020-11-30,194
103,Iwate,2020-12-01,204
104,Iwate,2020-12-02,208
105,Iwate,2020-12-03,212
106,Iwate,2020-12-04,213
107,Iwate,2020-12-05,220
108,Iwate,2020-12-06,220
109,Miyagi,2020-11-01,760
110,Miyagi,2020-11-02,776
111,Miyagi,2020-11-03,792
112,Miyagi,2020-11-04,792
113,Miyagi,2020-11-05,810
114,Miyagi,2020-11-06,823
115,Miyagi,2020-11-07,841
116,Miyagi,2020-11-08,854
117,Miyagi,2020-11-09,861
118,Miyagi,2020-11-10,881
119,Miyagi,2020-11-11,914
120,Miyagi,2020-11-12,932
121,Miyagi,2020-11-13,962
122,Miyagi,2020-11-14,972
123,Miyagi,2020-11-15,977
124,Miyagi,2020-11-16,984
125,Miyagi,2020-11-17,1016
126,Miyagi,2020-11-18,1035
127,Miyagi,2020-11-19,1050
128,Miyagi,2020-11-20,1064
129,Miyagi,2020-11-21,1080
130,Miyagi,2020-11-22,1089
131,Miyagi,2020-11-23,1105
132,Miyagi,2020-11-24,1117
133,Miyagi,2020-11-25,1136
134,Miyagi,2020-11-26,1157
135,Miyagi,2020-11-27,1170
136,Miyagi,2020-11-28,1183
137,Miyagi,2020-11-29,1190
138,Miyagi,2020-11-30,1199
139,Miyagi,2020-12-01,1210
140,Miyagi,2020-12-02,1219
141,Miyagi,2020-12-03,1240
142,Miyagi,2020-12-04,1261
143,Miyagi,2020-12-05,1282
144,Miyagi,2020-12-06,1300
145,Akita,2020-11-01,64
146,Akita,2020-11-02,64
147,Akita,2020-11-03,64
148,Akita,2020-11-04,64
149,Akita,2020-11-05,67
150,Akita,2020-11-06,67
151,Akita,2020-11-07,67
152,Akita,2020-11-08,67
153,Akita,2020-11-09,67
154,Akita,2020-11-10,68
155,Akita,2020-11-11,68
156,Akita,2020-11-12,70
157,Akita,2020-11-13,70
158,Akita,2020-11-14,71
159,Akita,2020-11-15,73
160,Akita,2020-11-16,73
161,Akita,2020-11-17,74
162,Akita,2020-11-18,74
163,Akita,2020-11-19,74
164,Akita,2020-11-20,74
165,Akita,2020-11-21,74
166,Akita,2020-11-22,74
167,Akita,2020-11-23,74
168,Akita,2020-11-24,75
169,Akita,2020-11-25,83
170,Akita,2020-11-26,84
171,Akita,2020-11-27,89
172,Akita,2020-11-28,90
173,Akita,2020-11-29,90
174,Akita,2020-11-30,90
175,Akita,2020-12-01,90
176,Akita,2020-12-02,90
177,Akita,2020-12-03,90
178,Akita,2020-12-04,90
179,Akita,2020-12-05,90
180,Akita,2020-12-06,90
181,Yamagata,2020-11-01,86
182,Yamagata,2020-11-02,86
183,Yamagata,2020-11-03,86
184,Yamagata,2020-11-04,86
185,Yamagata,2020-11-05,86
186,Yamagata,2020-11-06,86
187,Yamagata,2020-11-07,86
188,Yamagata,2020-11-08,87
189,Yamagata,2020-11-09,88
190,Yamagata,2020-11-10,89
191,Yamagata,2020-11-11,92
192,Yamagata,2020-11-12,94
193,Yamagata,2020-11-13,94
194,Yamagata,2020-11-14,96
195,Yamagata,2020-11-15,97
196,Yamagata,2020-11-16,98
197,Yamagata,2020-11-17,98
198,Yamagata,2020-11-18,100
199,Yamagata,2020-11-19,105
200,Yamagata,2020-11-20,107
201,Yamagata,2020-11-21,107
202,Yamagata,2020-11-22,109
203,Yamagata,2020-11-23,109
204,Yamagata,2020-11-24,109
205,Yamagata,2020-11-25,110
206,Yamagata,2020-11-26,111
207,Yamagata,2020-11-27,116
208,Yamagata,2020-11-28,122
209,Yamagata,2020-11-29,133
210,Yamagata,2020-11-30,135
211,Yamagata,2020-12-01,138
212,Yamagata,2020-12-02,142
213,Yamagata,2020-12-03,149
214,Yamagata,2020-12-04,152
215,Yamagata,2020-12-05,158
216,Yamagata,2020-12-06,173
217,Hukushima,2020-11-01,388
218,Hukushima,2020-11-02,389
219,Hukushima,2020-11-03,401
220,Hukushima,2020-11-04,401
221,Hukushima,2020-11-05,409
222,Hukushima,2020-11-06,410
223,Hukushima,2020-11-07,413
224,Hukushima,2020-11-08,415
225,Hukushima,2020-11-09,418
226,Hukushima,2020-11-10,418
227,Hukushima,2020-11-11,419
228,Hukushima,2020-11-12,421
229,Hukushima,2020-11-13,428
230,Hukushima,2020-11-14,431
231,Hukushima,2020-11-15,435
232,Hukushima,2020-11-16,438
233,Hukushima,2020-11-17,441
234,Hukushima,2020-11-18,453
235,Hukushima,2020-11-19,458
236,Hukushima,2020-11-20,466
237,Hukushima,2020-11-21,474
238,Hukushima,2020-11-22,476
239,Hukushima,2020-11-23,478
240,Hukushima,2020-11-24,479
241,Hukushima,2020-11-25,480
242,Hukushima,2020-11-26,486
243,Hukushima,2020-11-27,490
244,Hukushima,2020-11-28,496
245,Hukushima,2020-11-29,499
246,Hukushima,2020-11-30,501
247,Hukushima,2020-12-01,501
248,Hukushima,2020-12-02,506
249,Hukushima,2020-12-03,509
250,Hukushima,2020-12-04,523
251,Hukushima,2020-12-05,528
252,Hukushima,2020-12-06,540
253,Ibaraki,2020-11-01,770
254,Ibaraki,2020-11-02,773
255,Ibaraki,2020-11-03,775
256,Ibaraki,2020-11-04,779
257,Ibaraki,2020-11-05,789
258,Ibaraki,2020-11-06,796
259,Ibaraki,2020-11-07,806
260,Ibaraki,2020-11-08,818
261,Ibaraki,2020-11-09,825
262,Ibaraki,2020-11-10,834
263,Ibaraki,2020-11-11,854
264,Ibaraki,2020-11-12,880
265,Ibaraki,2020-11-13,906
266,Ibaraki,2020-11-14,946
267,Ibaraki,2020-11-15,967
268,Ibaraki,2020-11-16,977
269,Ibaraki,2020-11-17,1032
270,Ibaraki,2020-11-18,1071
271,Ibaraki,2020-11-19,1099
272,Ibaraki,2020-11-20,1139
273,Ibaraki,2020-11-21,1205
274,Ibaraki,2020-11-22,1252
275,Ibaraki,2020-11-23,1284
276,Ibaraki,2020-11-24,1310
277,Ibaraki,2020-11-25,1346
278,Ibaraki,2020-11-26,1396
279,Ibaraki,2020-11-27,1441
280,Ibaraki,2020-11-28,1507
281,Ibaraki,2020-11-29,1538
282,Ibaraki,2020-11-30,1561
283,Ibaraki,2020-12-01,1611
284,Ibaraki,2020-12-02,1655
285,Ibaraki,2020-12-03,1692
286,Ibaraki,2020-12-04,1777
287,Ibaraki,2020-12-05,1808
288,Ibaraki,2020-12-06,1832
289,Tochigi,2020-11-01,489
290,Tochigi,2020-11-02,490
291,Tochigi,2020-11-03,492
292,Tochigi,2020-11-04,493
293,Tochigi,2020-11-05,494
294,Tochigi,2020-11-06,496
295,Tochigi,2020-11-07,498
296,Tochigi,2020-11-08,498
297,Tochigi,2020-11-09,499
298,Tochigi,2020-11-10,503
299,Tochigi,2020-11-11,505
300,Tochigi,2020-11-12,507
301,Tochigi,2020-11-13,509
302,Tochigi,2020-11-14,513
303,Tochigi,2020-11-15,516
304,Tochigi,2020-11-16,517
305,Tochigi,2020-11-17,523
306,Tochigi,2020-11-18,527
307,Tochigi,2020-11-19,542
308,Tochigi,2020-11-20,550
309,Tochigi,2020-11-21,558
310,Tochigi,2020-11-22,572
311,Tochigi,2020-11-23,573
312,Tochigi,2020-11-24,584
313,Tochigi,2020-11-25,595
314,Tochigi,2020-11-26,599
315,Tochigi,2020-11-27,607
316,Tochigi,2020-11-28,619
317,Tochigi,2020-11-29,634
318,Tochigi,2020-11-30,638
319,Tochigi,2020-12-01,664
320,Tochigi,2020-12-02,688
321,Tochigi,2020-12-03,702
322,Tochigi,2020-12-04,719
323,Tochigi,2020-12-05,732
324,Tochigi,2020-12-06,749
325,Gunma,2020-11-01,901
326,Gunma,2020-11-02,902
327,Gunma,2020-11-03,905
328,Gunma,2020-11-04,910
329,Gunma,2020-11-05,913
330,Gunma,2020-11-06,918
331,Gunma,2020-11-07,924
332,Gunma,2020-11-08,925
333,Gunma,2020-11-09,927
334,Gunma,2020-11-10,932
335,Gunma,2020-11-11,937
336,Gunma,2020-11-12,942
337,Gunma,2020-11-13,951
338,Gunma,2020-11-14,951
339,Gunma,2020-11-15,956
340,Gunma,2020-11-16,961
341,Gunma,2020-11-17,964
342,Gunma,2020-11-18,974
343,Gunma,2020-11-19,994
344,Gunma,2020-11-20,1016
345,Gunma,2020-11-21,1033
346,Gunma,2020-11-22,1045
347,Gunma,2020-11-23,1053
348,Gunma,2020-11-24,1069
349,Gunma,2020-11-25,1087
350,Gunma,2020-11-26,1117
351,Gunma,2020-11-27,1148
352,Gunma,2020-11-28,1177
353,Gunma,2020-11-29,1195
354,Gunma,2020-11-30,1207
355,Gunma,2020-12-01,1239
356,Gunma,2020-12-02,1283
357,Gunma,2020-12-03,1312
358,Gunma,2020-12-04,1341
359,Gunma,2020-12-05,1371
360,Gunma,2020-12-06,1388
361,Saitama,2020-11-01,5885
362,Saitama,2020-11-02,5911
363,Saitama,2020-11-03,5941
364,Saitama,2020-11-04,5983
365,Saitama,2020-11-05,6015
366,Saitama,2020-11-06,6129
367,Saitama,2020-11-07,6198
368,Saitama,2020-11-08,6242
369,Saitama,2020-11-09,6293
370,Saitama,2020-11-10,6360
371,Saitama,2020-11-11,6476
372,Saitama,2020-11-12,6551
373,Saitama,2020-11-13,6634
374,Saitama,2020-11-14,6738
375,Saitama,2020-11-15,6818
376,Saitama,2020-11-16,6905
377,Saitama,2020-11-17,6993
378,Saitama,2020-11-18,7119
379,Saitama,2020-11-19,7227
380,Saitama,2020-11-20,7323
381,Saitama,2020-11-21,7495
382,Saitama,2020-11-22,7609
383,Saitama,2020-11-23,7697
384,Saitama,2020-11-24,7740
385,Saitama,2020-11-25,7839
386,Saitama,2020-11-26,7998
387,Saitama,2020-11-27,8101
388,Saitama,2020-11-28,8219
389,Saitama,2020-11-29,8358
390,Saitama,2020-11-30,8424
391,Saitama,2020-12-01,8528
392,Saitama,2020-12-02,8678
393,Saitama,2020-12-03,8827
394,Saitama,2020-12-04,8990
395,Saitama,2020-12-05,9158
396,Saitama,2020-12-06,9320
397,Chiba,2020-11-01,5043
398,Chiba,2020-11-02,5064
399,Chiba,2020-11-03,5104
400,Chiba,2020-11-04,5134
401,Chiba,2020-11-05,5192
402,Chiba,2020-11-06,5234
403,Chiba,2020-11-07,5295
404,Chiba,2020-11-08,5339
405,Chiba,2020-11-09,5371
406,Chiba,2020-11-10,5419
407,Chiba,2020-11-11,5484
408,Chiba,2020-11-12,5558
409,Chiba,2020-11-13,5618
410,Chiba,2020-11-14,5706
411,Chiba,2020-11-15,5766
412,Chiba,2020-11-16,5843
413,Chiba,2020-11-17,5922
414,Chiba,2020-11-18,5988
415,Chiba,2020-11-19,6094
416,Chiba,2020-11-20,6184
417,Chiba,2020-11-21,6293
418,Chiba,2020-11-22,6373
419,Chiba,2020-11-23,6432
420,Chiba,2020-11-24,6474
421,Chiba,2020-11-25,6547
422,Chiba,2020-11-26,6629
423,Chiba,2020-11-27,6736
424,Chiba,2020-11-28,6849
425,Chiba,2020-11-29,6924
426,Chiba,2020-11-30,6993
427,Chiba,2020-12-01,7067
428,Chiba,2020-12-02,7143
429,Chiba,2020-12-03,7225
430,Chiba,2020-12-04,7300
431,Chiba,2020-12-05,7374
432,Chiba,2020-12-06,7452
433,Tokyo,2020-11-01,31207
434,Tokyo,2020-11-02,31294
435,Tokyo,2020-11-03,31503
436,Tokyo,2020-11-04,31625
437,Tokyo,2020-11-05,31894
438,Tokyo,2020-11-06,32136
439,Tokyo,2020-11-07,32430
440,Tokyo,2020-11-08,32619
441,Tokyo,2020-11-09,32776
442,Tokyo,2020-11-10,33069
443,Tokyo,2020-11-11,33385
444,Tokyo,2020-11-12,33777
445,Tokyo,2020-11-13,34151
446,Tokyo,2020-11-14,34503
447,Tokyo,2020-11-15,34758
448,Tokyo,2020-11-16,34938
449,Tokyo,2020-11-17,35236
450,Tokyo,2020-11-18,35721
451,Tokyo,2020-11-19,36254
452,Tokyo,2020-11-20,36776
453,Tokyo,2020-11-21,37315
454,Tokyo,2020-11-22,37706
455,Tokyo,2020-11-23,38020
456,Tokyo,2020-11-24,38206
457,Tokyo,2020-11-25,38607
458,Tokyo,2020-11-26,39088
459,Tokyo,2020-11-27,39658
460,Tokyo,2020-11-28,40219
461,Tokyo,2020-11-29,40637
462,Tokyo,2020-11-30,40948
463,Tokyo,2020-12-01,41320
464,Tokyo,2020-12-02,41820
465,Tokyo,2020-12-03,42353
466,Tokyo,2020-12-04,42802
467,Tokyo,2020-12-05,43386
468,Tokyo,2020-12-06,43713
469,Kanagawa,2020-11-01,8776
470,Kanagawa,2020-11-02,8798
471,Kanagawa,2020-11-03,8867
472,Kanagawa,2020-11-04,8911
473,Kanagawa,2020-11-05,9020
474,Kanagawa,2020-11-06,9124
475,Kanagawa,2020-11-07,9261
476,Kanagawa,2020-11-08,9338
477,Kanagawa,2020-11-09,9374
478,Kanagawa,2020-11-10,9472
479,Kanagawa,2020-11-11,9602
480,Kanagawa,2020-11-12,9749
481,Kanagawa,2020-11-13,9895
482,Kanagawa,2020-11-14,10042
483,Kanagawa,2020-11-15,10156
484,Kanagawa,2020-11-16,10217
485,Kanagawa,2020-11-17,10350
486,Kanagawa,2020-11-18,10576
487,Kanagawa,2020-11-19,10781
488,Kanagawa,2020-11-20,10989
489,Kanagawa,2020-11-21,11181
490,Kanagawa,2020-11-22,11343
491,Kanagawa,2020-11-23,11413
492,Kanagawa,2020-11-24,11480
493,Kanagawa,2020-11-25,11639
494,Kanagawa,2020-11-26,11892
495,Kanagawa,2020-11-27,12111
496,Kanagawa,2020-11-28,12325
497,Kanagawa,2020-11-29,12475
498,Kanagawa,2020-11-30,12559
499,Kanagawa,2020-12-01,12717
500,Kanagawa,2020-12-02,12931
501,Kanagawa,2020-12-03,13128
502,Kanagawa,2020-12-04,13316
503,Kanagawa,2020-12-05,13507
504,Kanagawa,2020-12-06,13641
505,Nigata,2020-11-01,184
506,Nigata,2020-11-02,184
507,Nigata,2020-11-03,184
508,Nigata,2020-11-04,184
509,Nigata,2020-11-05,186
510,Nigata,2020-11-06,187
511,Nigata,2020-11-07,189
512,Nigata,2020-11-08,196
513,Nigata,2020-11-09,199
514,Nigata,2020-11-10,201
515,Nigata,2020-11-11,217
516,Nigata,2020-11-12,223
517,Nigata,2020-11-13,225
518,Nigata,2020-11-14,225
519,Nigata,2020-11-15,227
520,Nigata,2020-11-16,227
521,Nigata,2020-11-17,260
522,Nigata,2020-11-18,274
523,Nigata,2020-11-19,275
524,Nigata,2020-11-20,286
525,Nigata,2020-11-21,295
526,Nigata,2020-11-22,301
527,Nigata,2020-11-23,314
528,Nigata,2020-11-24,317
529,Nigata,2020-11-25,325
530,Nigata,2020-11-26,326
531,Nigata,2020-11-27,327
532,Nigata,2020-11-28,330
533,Nigata,2020-11-29,332
534,Nigata,2020-11-30,332
535,Nigata,2020-12-01,337
536,Nigata,2020-12-02,341
537,Nigata,2020-12-03,349
538,Nigata,2020-12-04,351
539,Nigata,2020-12-05,355
540,Nigata,2020-12-06,357
541,Toyama,2020-11-01,423
542,Toyama,2020-11-02,423
543,Toyama,2020-11-03,423
544,Toyama,2020-11-04,423
545,Toyama,2020-11-05,424
546,Toyama,2020-11-06,424
547,Toyama,2020-11-07,424
548,Toyama,2020-11-08,424
549,Toyama,2020-11-09,424
550,Toyama,2020-11-10,425
551,Toyama,2020-11-11,425
552,Toyama,2020-11-12,425
553,Toyama,2020-11-13,425
554,Toyama,2020-11-14,427
555,Toyama,2020-11-15,428
556,Toyama,2020-11-16,429
557,Toyama,2020-11-17,430
558,Toyama,2020-11-18,435
559,Toyama,2020-11-19,438
560,Toyama,2020-11-20,441
561,Toyama,2020-11-21,442
562,Toyama,2020-11-22,445
563,Toyama,2020-11-23,446
564,Toyama,2020-11-24,447
565,Toyama,2020-11-25,450
566,Toyama,2020-11-26,453
567,Toyama,2020-11-27,457
568,Toyama,2020-11-28,458
569,Toyama,2020-11-29,459
570,Toyama,2020-11-30,459
571,Toyama,2020-12-01,460
572,Toyama,2020-12-02,461
573,Toyama,2020-12-03,461
574,Toyama,2020-12-04,461
575,Toyama,2020-12-05,462
576,Toyama,2020-12-06,462
577,Ishikawa,2020-11-01,812
578,Ishikawa,2020-11-02,812
579,Ishikawa,2020-11-03,813
580,Ishikawa,2020-11-04,813
581,Ishikawa,2020-11-05,815
582,Ishikawa,2020-11-06,816
583,Ishikawa,2020-11-07,819
584,Ishikawa,2020-11-08,822
585,Ishikawa,2020-11-09,823
586,Ishikawa,2020-11-10,824
587,Ishikawa,2020-11-11,825
588,Ishikawa,2020-11-12,827
589,Ishikawa,2020-11-13,827
590,Ishikawa,2020-11-14,828
591,Ishikawa,2020-11-15,830
592,Ishikawa,2020-11-16,830
593,Ishikawa,2020-11-17,830
594,Ishikawa,2020-11-18,830
595,Ishikawa,2020-11-19,831
596,Ishikawa,2020-11-20,831
597,Ishikawa,2020-11-21,833
598,Ishikawa,2020-11-22,835
599,Ishikawa,2020-11-23,835
600,Ishikawa,2020-11-24,836
601,Ishikawa,2020-11-25,838
602,Ishikawa,2020-11-26,843
603,Ishikawa,2020-11-27,846
604,Ishikawa,2020-11-28,846
605,Ishikawa,2020-11-29,850
606,Ishikawa,2020-11-30,853
607,Ishikawa,2020-12-01,859
608,Ishikawa,2020-12-02,861
609,Ishikawa,2020-12-03,862
610,Ishikawa,2020-12-04,864
611,Ishikawa,2020-12-05,867
612,Ishikawa,2020-12-06,872
613,Hukui,2020-11-01,257
614,Hukui,2020-11-02,257
615,Hukui,2020-11-03,257
616,Hukui,2020-11-04,257
617,Hukui,2020-11-05,257
618,Hukui,2020-11-06,257
619,Hukui,2020-11-07,258
620,Hukui,2020-11-08,259
621,Hukui,2020-11-09,262
622,Hukui,2020-11-10,266
623,Hukui,2020-11-11,268
624,Hukui,2020-11-12,269
625,Hukui,2020-11-13,271
626,Hukui,2020-11-14,272
627,Hukui,2020-11-15,272
628,Hukui,2020-11-16,274
629,Hukui,2020-11-17,278
630,Hukui,2020-11-18,289
631,Hukui,2020-11-19,295
632,Hukui,2020-11-20,298
633,Hukui,2020-11-21,300
634,Hukui,2020-11-22,302
635,Hukui,2020-11-23,303
636,Hukui,2020-11-24,304
637,Hukui,2020-11-25,305
638,Hukui,2020-11-26,309
639,Hukui,2020-11-27,312
640,Hukui,2020-11-28,314
641,Hukui,2020-11-29,314
642,Hukui,2020-11-30,316
643,Hukui,2020-12-01,319
644,Hukui,2020-12-02,319
645,Hukui,2020-12-03,320
646,Hukui,2020-12-04,321
647,Hukui,2020-12-05,321
648,Hukui,2020-12-06,321
649,Yamanashi,2020-11-01,216
650,Yamanashi,2020-11-02,218
651,Yamanashi,2020-11-03,218
652,Yamanashi,2020-11-04,221
653,Yamanashi,2020-11-05,225
654,Yamanashi,2020-11-06,229
655,Yamanashi,2020-11-07,233
656,Yamanashi,2020-11-08,241
657,Yamanashi,2020-11-09,243
658,Yamanashi,2020-11-10,256
659,Yamanashi,2020-11-11,267
660,Yamanashi,2020-11-12,275
661,Yamanashi,2020-11-13,281
662,Yamanashi,2020-11-14,281
663,Yamanashi,2020-11-15,283
664,Yamanashi,2020-11-16,288
665,Yamanashi,2020-11-17,291
666,Yamanashi,2020-11-18,292
667,Yamanashi,2020-11-19,298
668,Yamanashi,2020-11-20,304
669,Yamanashi,2020-11-21,314
670,Yamanashi,2020-11-22,318
671,Yamanashi,2020-11-23,325
672,Yamanashi,2020-11-24,332
673,Yamanashi,2020-11-25,336
674,Yamanashi,2020-11-26,336
675,Yamanashi,2020-11-27,338
676,Yamanashi,2020-11-28,338
677,Yamanashi,2020-11-29,338
678,Yamanashi,2020-11-30,344
679,Yamanashi,2020-12-01,353
680,Yamanashi,2020-12-02,362
681,Yamanashi,2020-12-03,381
682,Yamanashi,2020-12-04,392
683,Yamanashi,2020-12-05,413
684,Yamanashi,2020-12-06,422
685,Nagano,2020-11-01,343
686,Nagano,2020-11-02,344
687,Nagano,2020-11-03,349
688,Nagano,2020-11-04,350
689,Nagano,2020-11-05,350
690,Nagano,2020-11-06,351
691,Nagano,2020-11-07,369
692,Nagano,2020-11-08,370
693,Nagano,2020-11-09,384
694,Nagano,2020-11-10,387
695,Nagano,2020-11-11,393
696,Nagano,2020-11-12,406
697,Nagano,2020-11-13,429
698,Nagano,2020-11-14,448
699,Nagano,2020-11-15,461
700,Nagano,2020-11-16,471
701,Nagano,2020-11-17,495
702,Nagano,2020-11-18,525
703,Nagano,2020-11-19,545
704,Nagano,2020-11-20,567
705,Nagano,2020-11-21,592
706,Nagano,2020-11-22,606
707,Nagano,2020-11-23,618
708,Nagano,2020-11-24,629
709,Nagano,2020-11-25,638
710,Nagano,2020-11-26,654
711,Nagano,2020-11-27,670
712,Nagano,2020-11-28,691
713,Nagano,2020-11-29,703
714,Nagano,2020-11-30,718
715,Nagano,2020-12-01,736
716,Nagano,2020-12-02,748
717,Nagano,2020-12-03,760
718,Nagano,2020-12-04,774
719,Nagano,2020-12-05,786
720,Nagano,2020-12-06,803
721,Gifu,2020-11-01,687
722,Gifu,2020-11-02,693
723,Gifu,2020-11-03,698
724,Gifu,2020-11-04,700
725,Gifu,2020-11-05,710
726,Gifu,2020-11-06,726
727,Gifu,2020-11-07,729
728,Gifu,2020-11-08,735
729,Gifu,2020-11-09,742
730,Gifu,2020-11-10,755
731,Gifu,2020-11-11,765
732,Gifu,2020-11-12,785
733,Gifu,2020-11-13,796
734,Gifu,2020-11-14,800
735,Gifu,2020-11-15,809
736,Gifu,2020-11-16,823
737,Gifu,2020-11-17,836
738,Gifu,2020-11-18,855
739,Gifu,2020-11-19,875
740,Gifu,2020-11-20,890
741,Gifu,2020-11-21,911
742,Gifu,2020-11-22,918
743,Gifu,2020-11-23,932
744,Gifu,2020-11-24,939
745,Gifu,2020-11-25,969
746,Gifu,2020-11-26,985
747,Gifu,2020-11-27,1014
748,Gifu,2020-11-28,1034
749,Gifu,2020-11-29,1055
750,Gifu,2020-11-30,1072
751,Gifu,2020-12-01,1093
752,Gifu,2020-12-02,1119
753,Gifu,2020-12-03,1161
754,Gifu,2020-12-04,1195
755,Gifu,2020-12-05,1227
756,Gifu,2020-12-06,1245
757,Shizuoka,2020-11-01,660
758,Shizuoka,2020-11-02,661
759,Shizuoka,2020-11-03,675
760,Shizuoka,2020-11-04,680
761,Shizuoka,2020-11-05,690
762,Shizuoka,2020-11-06,707
763,Shizuoka,2020-11-07,737
764,Shizuoka,2020-11-08,750
765,Shizuoka,2020-11-09,756
766,Shizuoka,2020-11-10,772
767,Shizuoka,2020-11-11,793
768,Shizuoka,2020-11-12,806
769,Shizuoka,2020-11-13,822
770,Shizuoka,2020-11-14,858
771,Shizuoka,2020-11-15,882
772,Shizuoka,2020-11-16,894
773,Shizuoka,2020-11-17,909
774,Shizuoka,2020-11-18,996
775,Shizuoka,2020-11-19,1057
776,Shizuoka,2020-11-20,1116
777,Shizuoka,2020-11-21,1176
778,Shizuoka,2020-11-22,1220
779,Shizuoka,2020-11-23,1267
780,Shizuoka,2020-11-24,1294
781,Shizuoka,2020-11-25,1349
782,Shizuoka,2020-11-26,1421
783,Shizuoka,2020-11-27,1479
784,Shizuoka,2020-11-28,1560
785,Shizuoka,2020-11-29,1626
786,Shizuoka,2020-11-30,1668
787,Shizuoka,2020-12-01,1710
788,Shizuoka,2020-12-02,1768
789,Shizuoka,2020-12-03,1832
790,Shizuoka,2020-12-04,1873
791,Shizuoka,2020-12-05,1907
792,Shizuoka,2020-12-06,1947
793,Aichi,2020-11-01,6287
794,Aichi,2020-11-02,6331
795,Aichi,2020-11-03,6416
796,Aichi,2020-11-04,6469
797,Aichi,2020-11-05,6548
798,Aichi,2020-11-06,6630
799,Aichi,2020-11-07,6743
800,Aichi,2020-11-08,6824
801,Aichi,2020-11-09,6881
802,Aichi,2020-11-10,7010
803,Aichi,2020-11-11,7114
804,Aichi,2020-11-12,7257
805,Aichi,2020-11-13,7405
806,Aichi,2020-11-14,7557
807,Aichi,2020-11-15,7659
808,Aichi,2020-11-16,7722
809,Aichi,2020-11-17,7860
810,Aichi,2020-11-18,8001
811,Aichi,2020-11-19,8220
812,Aichi,2020-11-20,8422
813,Aichi,2020-11-21,8633
814,Aichi,2020-11-22,8777
815,Aichi,2020-11-23,8872
816,Aichi,2020-11-24,8982
817,Aichi,2020-11-25,9159
818,Aichi,2020-11-26,9357
819,Aichi,2020-11-27,9591
820,Aichi,2020-11-28,9808
821,Aichi,2020-11-29,9963
822,Aichi,2020-11-30,10071
823,Aichi,2020-12-01,10268
824,Aichi,2020-12-02,10487
825,Aichi,2020-12-03,10682
826,Aichi,2020-12-04,10897
827,Aichi,2020-12-05,11116
828,Aichi,2020-12-06,11286
829,Mie,2020-11-01,566
830,Mie,2020-11-02,568
831,Mie,2020-11-03,569
832,Mie,2020-11-04,574
833,Mie,2020-11-05,575
834,Mie,2020-11-06,587
835,Mie,2020-11-07,595
836,Mie,2020-11-08,596
837,Mie,2020-11-09,597
838,Mie,2020-11-10,599
839,Mie,2020-11-11,603
840,Mie,2020-11-12,606
841,Mie,2020-11-13,610
842,Mie,2020-11-14,616
843,Mie,2020-11-15,620
844,Mie,2020-11-16,621
845,Mie,2020-11-17,628
846,Mie,2020-11-18,645
847,Mie,2020-11-19,666
848,Mie,2020-11-20,684
849,Mie,2020-11-21,706
850,Mie,2020-11-22,721
851,Mie,2020-11-23,732
852,Mie,2020-11-24,737
853,Mie,2020-11-25,755
854,Mie,2020-11-26,782
855,Mie,2020-11-27,797
856,Mie,2020-11-28,826
857,Mie,2020-11-29,844
858,Mie,2020-11-30,858
859,Mie,2020-12-01,865
860,Mie,2020-12-02,880
861,Mie,2020-12-03,905
862,Mie,2020-12-04,927
863,Mie,2020-12-05,940
864,Mie,2020-12-06,950
865,Shiga,2020-11-01,553
866,Shiga,2020-11-02,557
867,Shiga,2020-11-03,560
868,Shiga,2020-11-04,563
869,Shiga,2020-11-05,584
870,Shiga,2020-11-06,593
871,Shiga,2020-11-07,599
872,Shiga,2020-11-08,601
873,Shiga,2020-11-09,619
874,Shiga,2020-11-10,624
875,Shiga,2020-11-11,635
876,Shiga,2020-11-12,646
877,Shiga,2020-11-13,646
878,Shiga,2020-11-14,654
879,Shiga,2020-11-15,662
880,Shiga,2020-11-16,671
881,Shiga,2020-11-17,682
882,Shiga,2020-11-18,696
883,Shiga,2020-11-19,708
884,Shiga,2020-11-20,720
885,Shiga,2020-11-21,730
886,Shiga,2020-11-22,735
887,Shiga,2020-11-23,740
888,Shiga,2020-11-24,747
889,Shiga,2020-11-25,756
890,Shiga,2020-11-26,760
891,Shiga,2020-11-27,773
892,Shiga,2020-11-28,777
893,Shiga,2020-11-29,780
894,Shiga,2020-11-30,783
895,Shiga,2020-12-01,793
896,Shiga,2020-12-02,797
897,Shiga,2020-12-03,805
898,Shiga,2020-12-04,809
899,Shiga,2020-12-05,815
900,Shiga,2020-12-06,817
901,Kyoto,2020-11-01,2061
902,Kyoto,2020-11-02,2068
903,Kyoto,2020-11-03,2081
904,Kyoto,2020-11-04,2090
905,Kyoto,2020-11-05,2101
906,Kyoto,2020-11-06,2125
907,Kyoto,2020-11-07,2145
908,Kyoto,2020-11-08,2166
909,Kyoto,2020-11-09,2174
910,Kyoto,2020-11-10,2187
911,Kyoto,2020-11-11,2205
912,Kyoto,2020-11-12,2222
913,Kyoto,2020-11-13,2250
914,Kyoto,2020-11-14,2274
915,Kyoto,2020-11-15,2296
916,Kyoto,2020-11-16,2307
917,Kyoto,2020-11-17,2356
918,Kyoto,2020-11-18,2395
919,Kyoto,2020-11-19,2409
920,Kyoto,2020-11-20,2435
921,Kyoto,2020-11-21,2470
922,Kyoto,2020-11-22,2494
923,Kyoto,2020-11-23,2508
924,Kyoto,2020-11-24,2521
925,Kyoto,2020-11-25,2552
926,Kyoto,2020-11-26,2585
927,Kyoto,2020-11-27,2616
928,Kyoto,2020-11-28,2646
929,Kyoto,2020-11-29,2663
930,Kyoto,2020-11-30,2671
931,Kyoto,2020-12-01,2693
932,Kyoto,2020-12-02,2714
933,Kyoto,2020-12-03,2736
934,Kyoto,2020-12-04,2771
935,Kyoto,2020-12-05,2815
936,Kyoto,2020-12-06,2858
937,Osaka,2020-11-01,12876
938,Osaka,2020-11-02,12950
939,Osaka,2020-11-03,13106
940,Osaka,2020-11-04,13191
941,Osaka,2020-11-05,13316
942,Osaka,2020-11-06,13485
943,Osaka,2020-11-07,13676
944,Osaka,2020-11-08,13816
945,Osaka,2020-11-09,13894
946,Osaka,2020-11-10,14120
947,Osaka,2020-11-11,14376
948,Osaka,2020-11-12,14607
949,Osaka,2020-11-13,14870
950,Osaka,2020-11-14,15155
951,Osaka,2020-11-15,15421
952,Osaka,2020-11-16,15494
953,Osaka,2020-11-17,15763
954,Osaka,2020-11-18,16036
955,Osaka,2020-11-19,16374
956,Osaka,2020-11-20,16744
957,Osaka,2020-11-21,17159
958,Osaka,2020-11-22,17649
959,Osaka,2020-11-23,17930
960,Osaka,2020-11-24,18140
961,Osaka,2020-11-25,18458
962,Osaka,2020-11-26,18784
963,Osaka,2020-11-27,19167
964,Osaka,2020-11-28,19630
965,Osaka,2020-11-29,20011
966,Osaka,2020-11-30,20273
967,Osaka,2020-12-01,20591
968,Osaka,2020-12-02,21018
969,Osaka,2020-12-03,21404
970,Osaka,2020-12-04,21798
971,Osaka,2020-12-05,22197
972,Osaka,2020-12-06,22507
973,Hyogo,2020-11-01,3265
974,Hyogo,2020-11-02,3275
975,Hyogo,2020-11-03,3327
976,Hyogo,2020-11-04,3363
977,Hyogo,2020-11-05,3406
978,Hyogo,2020-11-06,3455
979,Hyogo,2020-11-07,3486
980,Hyogo,2020-11-08,3518
981,Hyogo,2020-11-09,3538
982,Hyogo,2020-11-10,3596
983,Hyogo,2020-11-11,3666
984,Hyogo,2020-11-12,3747
985,Hyogo,2020-11-13,3816
986,Hyogo,2020-11-14,3895
987,Hyogo,2020-11-15,3974
988,Hyogo,2020-11-16,4014
989,Hyogo,2020-11-17,4120
990,Hyogo,2020-11-18,4223
991,Hyogo,2020-11-19,4355
992,Hyogo,2020-11-20,4484
993,Hyogo,2020-11-21,4636
994,Hyogo,2020-11-22,4774
995,Hyogo,2020-11-23,4851
996,Hyogo,2020-11-24,4928
997,Hyogo,2020-11-25,5027
998,Hyogo,2020-11-26,5211
999,Hyogo,2020-11-27,5314
1000,Hyogo,2020-11-28,5459
1001,Hyogo,2020-11-29,5570
1002,Hyogo,2020-11-30,5626
1003,Hyogo,2020-12-01,5749
1004,Hyogo,2020-12-02,5872
1005,Hyogo,2020-12-03,6044
1006,Hyogo,2020-12-04,6173
1007,Hyogo,2020-12-05,6324
1008,Hyogo,2020-12-06,6444
1009,Nara,2020-11-01,659
1010,Nara,2020-11-02,664
1011,Nara,2020-11-03,675
1012,Nara,2020-11-04,679
1013,Nara,2020-11-05,694
1014,Nara,2020-11-06,711
1015,Nara,2020-11-07,726
1016,Nara,2020-11-08,737
1017,Nara,2020-11-09,745
1018,Nara,2020-11-10,754
1019,Nara,2020-11-11,770
1020,Nara,2020-11-12,787
1021,Nara,2020-11-13,810
1022,Nara,2020-11-14,831
1023,Nara,2020-11-15,839
1024,Nara,2020-11-16,850
1025,Nara,2020-11-17,859
1026,Nara,2020-11-18,887
1027,Nara,2020-11-19,919
1028,Nara,2020-11-20,942
1029,Nara,2020-11-21,964
1030,Nara,2020-11-22,976
1031,Nara,2020-11-23,997
1032,Nara,2020-11-24,1012
1033,Nara,2020-11-25,1023
1034,Nara,2020-11-26,1045
1035,Nara,2020-11-27,1071
1036,Nara,2020-11-28,1088
1037,Nara,2020-11-29,1105
1038,Nara,2020-11-30,1124
1039,Nara,2020-12-01,1140
1040,Nara,2020-12-02,1174
1041,Nara,2020-12-03,1213
1042,Nara,2020-12-04,1245
1043,Nara,2020-12-05,1271
1044,Nara,2020-12-06,1285
1045,Wakayama,2020-11-01,275
1046,Wakayama,2020-11-02,277
1047,Wakayama,2020-11-03,277
1048,Wakayama,2020-11-04,278
1049,Wakayama,2020-11-05,280
1050,Wakayama,2020-11-06,280
1051,Wakayama,2020-11-07,286
1052,Wakayama,2020-11-08,288
1053,Wakayama,2020-11-09,289
1054,Wakayama,2020-11-10,291
1055,Wakayama,2020-11-11,298
1056,Wakayama,2020-11-12,304
1057,Wakayama,2020-11-13,308
1058,Wakayama,2020-11-14,318
1059,Wakayama,2020-11-15,326
1060,Wakayama,2020-11-16,333
1061,Wakayama,2020-11-17,338
1062,Wakayama,2020-11-18,346
1063,Wakayama,2020-11-19,361
1064,Wakayama,2020-11-20,372
1065,Wakayama,2020-11-21,379
1066,Wakayama,2020-11-22,384
1067,Wakayama,2020-11-23,395
1068,Wakayama,2020-11-24,403
1069,Wakayama,2020-11-25,408
1070,Wakayama,2020-11-26,414
1071,Wakayama,2020-11-27,428
1072,Wakayama,2020-11-28,436
1073,Wakayama,2020-11-29,446
1074,Wakayama,2020-11-30,452
1075,Wakayama,2020-12-01,462
1076,Wakayama,2020-12-02,471
1077,Wakayama,2020-12-03,478
1078,Wakayama,2020-12-04,485
1079,Wakayama,2020-12-05,490
1080,Wakayama,2020-12-06,503
1081,Tottori,2020-11-01,38
1082,Tottori,2020-11-02,38
1083,Tottori,2020-11-03,38
1084,Tottori,2020-11-04,38
1085,Tottori,2020-11-05,38
1086,Tottori,2020-11-06,42
1087,Tottori,2020-11-07,43
1088,Tottori,2020-11-08,43
1089,Tottori,2020-11-09,50
1090,Tottori,2020-11-10,51
1091,Tottori,2020-11-11,51
1092,Tottori,2020-11-12,51
1093,Tottori,2020-11-13,52
1094,Tottori,2020-11-14,52
1095,Tottori,2020-11-15,52
1096,Tottori,2020-11-16,52
1097,Tottori,2020-11-17,52
1098,Tottori,2020-11-18,53
1099,Tottori,2020-11-19,53
1100,Tottori,2020-11-20,53
1101,Tottori,2020-11-21,53
1102,Tottori,2020-11-22,53
1103,Tottori,2020-11-23,53
1104,Tottori,2020-11-24,54
1105,Tottori,2020-11-25,56
1106,Tottori,2020-11-26,58
1107,Tottori,2020-11-27,58
1108,Tottori,2020-11-28,58
1109,Tottori,2020-11-29,58
1110,Tottori,2020-11-30,58
1111,Tottori,2020-12-01,59
1112,Tottori,2020-12-02,60
1113,Tottori,2020-12-03,61
1114,Tottori,2020-12-04,61
1115,Tottori,2020-12-05,63
1116,Tottori,2020-12-06,63
1117,Shimane,2020-11-01,141
1118,Shimane,2020-11-02,141
1119,Shimane,2020-11-03,141
1120,Shimane,2020-11-04,141
1121,Shimane,2020-11-05,141
1122,Shimane,2020-11-06,141
1123,Shimane,2020-11-07,141
1124,Shimane,2020-11-08,141
1125,Shimane,2020-11-09,141
1126,Shimane,2020-11-10,141
1127,Shimane,2020-11-11,141
1128,Shimane,2020-11-12,141
1129,Shimane,2020-11-13,141
1130,Shimane,2020-11-14,141
1131,Shimane,2020-11-15,141
1132,Shimane,2020-11-16,141
1133,Shimane,2020-11-17,142
1134,Shimane,2020-11-18,142
1135,Shimane,2020-11-19,142
1136,Shimane,2020-11-20,142
1137,Shimane,2020-11-21,142
1138,Shimane,2020-11-22,142
1139,Shimane,2020-11-23,142
1140,Shimane,2020-11-24,142
1141,Shimane,2020-11-25,143
1142,Shimane,2020-11-26,144
1143,Shimane,2020-11-27,145
1144,Shimane,2020-11-28,146
1145,Shimane,2020-11-29,146
1146,Shimane,2020-11-30,147
1147,Shimane,2020-12-01,148
1148,Shimane,2020-12-02,149
1149,Shimane,2020-12-03,153
1150,Shimane,2020-12-04,153
1151,Shimane,2020-12-05,154
1152,Shimane,2020-12-06,158
1153,Okayama,2020-11-01,291
1154,Okayama,2020-11-02,291
1155,Okayama,2020-11-03,303
1156,Okayama,2020-11-04,309
1157,Okayama,2020-11-05,315
1158,Okayama,2020-11-06,323
1159,Okayama,2020-11-07,332
1160,Okayama,2020-11-08,338
1161,Okayama,2020-11-09,340
1162,Okayama,2020-11-10,341
1163,Okayama,2020-11-11,348
1164,Okayama,2020-11-12,354
1165,Okayama,2020-11-13,367
1166,Okayama,2020-11-14,379
1167,Okayama,2020-11-15,396
1168,Okayama,2020-11-16,399
1169,Okayama,2020-11-17,406
1170,Okayama,2020-11-18,430
1171,Okayama,2020-11-19,445
1172,Okayama,2020-11-20,458
1173,Okayama,2020-11-21,485
1174,Okayama,2020-11-22,498
1175,Okayama,2020-11-23,508
1176,Okayama,2020-11-24,515
1177,Okayama,2020-11-25,530
1178,Okayama,2020-11-26,544
1179,Okayama,2020-11-27,568
1180,Okayama,2020-11-28,583
1181,Okayama,2020-11-29,592
1182,Okayama,2020-11-30,599
1183,Okayama,2020-12-01,609
1184,Okayama,2020-12-02,619
1185,Okayama,2020-12-03,629
1186,Okayama,2020-12-04,634
1187,Okayama,2020-12-05,645
1188,Okayama,2020-12-06,657
1189,Hiroshima,2020-11-01,662
1190,Hiroshima,2020-11-02,662
1191,Hiroshima,2020-11-03,662
1192,Hiroshima,2020-11-04,665
1193,Hiroshima,2020-11-05,667
1194,Hiroshima,2020-11-06,670
1195,Hiroshima,2020-11-07,673
1196,Hiroshima,2020-11-08,676
1197,Hiroshima,2020-11-09,678
1198,Hiroshima,2020-11-10,680
1199,Hiroshima,2020-11-11,682
1200,Hiroshima,2020-11-12,684
1201,Hiroshima,2020-11-13,687
1202,Hiroshima,2020-11-14,693
1203,Hiroshima,2020-11-15,700
1204,Hiroshima,2020-11-16,706
1205,Hiroshima,2020-11-17,708
1206,Hiroshima,2020-11-18,722
1207,Hiroshima,2020-11-19,726
1208,Hiroshima,2020-11-20,733
1209,Hiroshima,2020-11-21,741
1210,Hiroshima,2020-11-22,750
1211,Hiroshima,2020-11-23,762
1212,Hiroshima,2020-11-24,770
1213,Hiroshima,2020-11-25,771
1214,Hiroshima,2020-11-26,785
1215,Hiroshima,2020-11-27,798
1216,Hiroshima,2020-11-28,821
1217,Hiroshima,2020-11-29,846
1218,Hiroshima,2020-11-30,857
1219,Hiroshima,2020-12-01,873
1220,Hiroshima,2020-12-02,897
1221,Hiroshima,2020-12-03,943
1222,Hiroshima,2020-12-04,991
1223,Hiroshima,2020-12-05,1026
1224,Hiroshima,2020-12-06,1086
1225,Yamaguchi,2020-11-01,213
1226,Yamaguchi,2020-11-02,213
1227,Yamaguchi,2020-11-03,215
1228,Yamaguchi,2020-11-04,215
1229,Yamaguchi,2020-11-05,223
1230,Yamaguchi,2020-11-06,223
1231,Yamaguchi,2020-11-07,225
1232,Yamaguchi,2020-11-08,225
1233,Yamaguchi,2020-11-09,225
1234,Yamaguchi,2020-11-10,231
1235,Yamaguchi,2020-11-11,233
1236,Yamaguchi,2020-11-12,234
1237,Yamaguchi,2020-11-13,248
1238,Yamaguchi,2020-11-14,258
1239,Yamaguchi,2020-11-15,266
1240,Yamaguchi,2020-11-16,267
1241,Yamaguchi,2020-11-17,279
1242,Yamaguchi,2020-11-18,285
1243,Yamaguchi,2020-11-19,303
1244,Yamaguchi,2020-11-20,325
1245,Yamaguchi,2020-11-21,342
1246,Yamaguchi,2020-11-22,351
1247,Yamaguchi,2020-11-23,355
1248,Yamaguchi,2020-11-24,356
1249,Yamaguchi,2020-11-25,363
1250,Yamaguchi,2020-11-26,367
1251,Yamaguchi,2020-11-27,372
1252,Yamaguchi,2020-11-28,381
1253,Yamaguchi,2020-11-29,384
1254,Yamaguchi,2020-11-30,386
1255,Yamaguchi,2020-12-01,391
1256,Yamaguchi,2020-12-02,398
1257,Yamaguchi,2020-12-03,402
1258,Yamaguchi,2020-12-04,406
1259,Yamaguchi,2020-12-05,409
1260,Yamaguchi,2020-12-06,410
1261,Tokushima,2020-11-01,164
1262,Tokushima,2020-11-02,164
1263,Tokushima,2020-11-03,164
1264,Tokushima,2020-11-04,164
1265,Tokushima,2020-11-05,164
1266,Tokushima,2020-11-06,167
1267,Tokushima,2020-11-07,167
1268,Tokushima,2020-11-08,167
1269,Tokushima,2020-11-09,168
1270,Tokushima,2020-11-10,170
1271,Tokushima,2020-11-11,170
1272,Tokushima,2020-11-12,170
1273,Tokushima,2020-11-13,170
1274,Tokushima,2020-11-14,171
1275,Tokushima,2020-11-15,171
1276,Tokushima,2020-11-16,171
1277,Tokushima,2020-11-17,173
1278,Tokushima,2020-11-18,174
1279,Tokushima,2020-11-19,175
1280,Tokushima,2020-11-20,176
1281,Tokushima,2020-11-21,178
1282,Tokushima,2020-11-22,179
1283,Tokushima,2020-11-23,179
1284,Tokushima,2020-11-24,179
1285,Tokushima,2020-11-25,179
1286,Tokushima,2020-11-26,180
1287,Tokushima,2020-11-27,181
1288,Tokushima,2020-11-28,181
1289,Tokushima,2020-11-29,181
1290,Tokushima,2020-11-30,181
1291,Tokushima,2020-12-01,181
1292,Tokushima,2020-12-02,182
1293,Tokushima,2020-12-03,183
1294,Tokushima,2020-12-04,185
1295,Tokushima,2020-12-05,186
1296,Tokushima,2020-12-06,186
1297,Kagawa,2020-11-01,102
1298,Kagawa,2020-11-02,102
1299,Kagawa,2020-11-03,102
1300,Kagawa,2020-11-04,103
1301,Kagawa,2020-11-05,104
1302,Kagawa,2020-11-06,104
1303,Kagawa,2020-11-07,105
1304,Kagawa,2020-11-08,107
1305,Kagawa,2020-11-09,107
1306,Kagawa,2020-11-10,108
1307,Kagawa,2020-11-11,110
1308,Kagawa,2020-11-12,113
1309,Kagawa,2020-11-13,114
1310,Kagawa,2020-11-14,114
1311,Kagawa,2020-11-15,115
1312,Kagawa,2020-11-16,122
1313,Kagawa,2020-11-17,123
1314,Kagawa,2020-11-18,126
1315,Kagawa,2020-11-19,128
1316,Kagawa,2020-11-20,130
1317,Kagawa,2020-11-21,132
1318,Kagawa,2020-11-22,132
1319,Kagawa,2020-11-23,133
1320,Kagawa,2020-11-24,133
1321,Kagawa,2020-11-25,135
1322,Kagawa,2020-11-26,136
1323,Kagawa,2020-11-27,139
1324,Kagawa,2020-11-28,143
1325,Kagawa,2020-11-29,144
1326,Kagawa,2020-11-30,148
1327,Kagawa,2020-12-01,149
1328,Kagawa,2020-12-02,155
1329,Kagawa,2020-12-03,156
1330,Kagawa,2020-12-04,160
1331,Kagawa,2020-12-05,164
1332,Kagawa,2020-12-06,165
1333,Ehime,2020-11-01,116
1334,Ehime,2020-11-02,116
1335,Ehime,2020-11-03,116
1336,Ehime,2020-11-04,116
1337,Ehime,2020-11-05,116
1338,Ehime,2020-11-06,117
1339,Ehime,2020-11-07,117
1340,Ehime,2020-11-08,117
1341,Ehime,2020-11-09,117
1342,Ehime,2020-11-10,117
1343,Ehime,2020-11-11,117
1344,Ehime,2020-11-12,121
1345,Ehime,2020-11-13,123
1346,Ehime,2020-11-14,123
1347,Ehime,2020-11-15,129
1348,Ehime,2020-11-16,130
1349,Ehime,2020-11-17,138
1350,Ehime,2020-11-18,144
1351,Ehime,2020-11-19,154
1352,Ehime,2020-11-20,166
1353,Ehime,2020-11-21,185
1354,Ehime,2020-11-22,208
1355,Ehime,2020-11-23,234
1356,Ehime,2020-11-24,251
1357,Ehime,2020-11-25,265
1358,Ehime,2020-11-26,283
1359,Ehime,2020-11-27,296
1360,Ehime,2020-11-28,304
1361,Ehime,2020-11-29,311
1362,Ehime,2020-11-30,314
1363,Ehime,2020-12-01,320
1364,Ehime,2020-12-02,320
1365,Ehime,2020-12-03,325
1366,Ehime,2020-12-04,332
1367,Ehime,2020-12-05,334
1368,Ehime,2020-12-06,338
1369,Kouchi,2020-11-01,144
1370,Kouchi,2020-11-02,144
1371,Kouchi,2020-11-03,144
1372,Kouchi,2020-11-04,144
1373,Kouchi,2020-11-05,144
1374,Kouchi,2020-11-06,144
1375,Kouchi,2020-11-07,144
1376,Kouchi,2020-11-08,144
1377,Kouchi,2020-11-09,144
1378,Kouchi,2020-11-10,144
1379,Kouchi,2020-11-11,144
1380,Kouchi,2020-11-12,144
1381,Kouchi,2020-11-13,144
1382,Kouchi,2020-11-14,144
1383,Kouchi,2020-11-15,144
1384,Kouchi,2020-11-16,144
1385,Kouchi,2020-11-17,144
1386,Kouchi,2020-11-18,144
1387,Kouchi,2020-11-19,144
1388,Kouchi,2020-11-20,144
1389,Kouchi,2020-11-21,146
1390,Kouchi,2020-11-22,146
1391,Kouchi,2020-11-23,148
1392,Kouchi,2020-11-24,148
1393,Kouchi,2020-11-25,149
1394,Kouchi,2020-11-26,149
1395,Kouchi,2020-11-27,149
1396,Kouchi,2020-11-28,149
1397,Kouchi,2020-11-29,150
1398,Kouchi,2020-11-30,152
1399,Kouchi,2020-12-01,157
1400,Kouchi,2020-12-02,165
1401,Kouchi,2020-12-03,180
1402,Kouchi,2020-12-04,196
1403,Kouchi,2020-12-05,215
1404,Kouchi,2020-12-06,233
1405,Hukuoka,2020-11-01,5232
1406,Hukuoka,2020-11-02,5236
1407,Hukuoka,2020-11-03,5238
1408,Hukuoka,2020-11-04,5247
1409,Hukuoka,2020-11-05,5252
1410,Hukuoka,2020-11-06,5269
1411,Hukuoka,2020-11-07,5277
1412,Hukuoka,2020-11-08,5281
1413,Hukuoka,2020-11-09,5285
1414,Hukuoka,2020-11-10,5308
1415,Hukuoka,2020-11-11,5329
1416,Hukuoka,2020-11-12,5345
1417,Hukuoka,2020-11-13,5361
1418,Hukuoka,2020-11-14,5368
1419,Hukuoka,2020-11-15,5380
1420,Hukuoka,2020-11-16,5388
1421,Hukuoka,2020-11-17,5399
1422,Hukuoka,2020-11-18,5421
1423,Hukuoka,2020-11-19,5443
1424,Hukuoka,2020-11-20,5478
1425,Hukuoka,2020-11-21,5514
1426,Hukuoka,2020-11-22,5544
1427,Hukuoka,2020-11-23,5553
1428,Hukuoka,2020-11-24,5564
1429,Hukuoka,2020-11-25,5592
1430,Hukuoka,2020-11-26,5645
1431,Hukuoka,2020-11-27,5703
1432,Hukuoka,2020-11-28,5758
1433,Hukuoka,2020-11-29,5801
1434,Hukuoka,2020-11-30,5828
1435,Hukuoka,2020-12-01,5861
1436,Hukuoka,2020-12-02,5903
1437,Hukuoka,2020-12-03,5934
1438,Hukuoka,2020-12-04,5979
1439,Hukuoka,2020-12-05,6021
1440,Hukuoka,2020-12-06,6062
1441,Saga,2020-11-01,254
1442,Saga,2020-11-02,256
1443,Saga,2020-11-03,264
1444,Saga,2020-11-04,266
1445,Saga,2020-11-05,266
1446,Saga,2020-11-06,267
1447,Saga,2020-11-07,268
1448,Saga,2020-11-08,268
1449,Saga,2020-11-09,274
1450,Saga,2020-11-10,274
1451,Saga,2020-11-11,275
1452,Saga,2020-11-12,276
1453,Saga,2020-11-13,276
1454,Saga,2020-11-14,278
1455,Saga,2020-11-15,278
1456,Saga,2020-11-16,279
1457,Saga,2020-11-17,280
1458,Saga,2020-11-18,284
1459,Saga,2020-11-19,290
1460,Saga,2020-11-20,290
1461,Saga,2020-11-21,293
1462,Saga,2020-11-22,293
1463,Saga,2020-11-23,293
1464,Saga,2020-11-24,297
1465,Saga,2020-11-25,299
1466,Saga,2020-11-26,300
1467,Saga,2020-11-27,300
1468,Saga,2020-11-28,307
1469,Saga,2020-11-29,307
1470,Saga,2020-11-30,309
1471,Saga,2020-12-01,319
1472,Saga,2020-12-02,325
1473,Saga,2020-12-03,329
1474,Saga,2020-12-04,333
1475,Saga,2020-12-05,336
1476,Saga,2020-12-06,337
1477,Nagasaki,2020-11-01,245
1478,Nagasaki,2020-11-02,245
1479,Nagasaki,2020-11-03,245
1480,Nagasaki,2020-11-04,245
1481,Nagasaki,2020-11-05,246
1482,Nagasaki,2020-11-06,249
1483,Nagasaki,2020-11-07,249
1484,Nagasaki,2020-11-08,249
1485,Nagasaki,2020-11-09,249
1486,Nagasaki,2020-11-10,249
1487,Nagasaki,2020-11-11,249
1488,Nagasaki,2020-11-12,249
1489,Nagasaki,2020-11-13,250
1490,Nagasaki,2020-11-14,250
1491,Nagasaki,2020-11-15,251
1492,Nagasaki,2020-11-16,251
1493,Nagasaki,2020-11-17,252
1494,Nagasaki,2020-11-18,253
1495,Nagasaki,2020-11-19,254
1496,Nagasaki,2020-11-20,257
1497,Nagasaki,2020-11-21,260
1498,Nagasaki,2020-11-22,261
1499,Nagasaki,2020-11-23,262
1500,Nagasaki,2020-11-24,263
1501,Nagasaki,2020-11-25,264
1502,Nagasaki,2020-11-26,265
1503,Nagasaki,2020-11-27,269
1504,Nagasaki,2020-11-28,269
1505,Nagasaki,2020-11-29,271
1506,Nagasaki,2020-11-30,271
1507,Nagasaki,2020-12-01,273
1508,Nagasaki,2020-12-02,274
1509,Nagasaki,2020-12-03,274
1510,Nagasaki,2020-12-04,274
1511,Nagasaki,2020-12-05,274
1512,Nagasaki,2020-12-06,277
1513,Kumamoto,2020-11-01,802
1514,Kumamoto,2020-11-02,808
1515,Kumamoto,2020-11-03,814
1516,Kumamoto,2020-11-04,825
1517,Kumamoto,2020-11-05,836
1518,Kumamoto,2020-11-06,843
1519,Kumamoto,2020-11-07,847
1520,Kumamoto,2020-11-08,854
1521,Kumamoto,2020-11-09,857
1522,Kumamoto,2020-11-10,860
1523,Kumamoto,2020-11-11,866
1524,Kumamoto,2020-11-12,877
1525,Kumamoto,2020-11-13,887
1526,Kumamoto,2020-11-14,903
1527,Kumamoto,2020-11-15,915
1528,Kumamoto,2020-11-16,918
1529,Kumamoto,2020-11-17,932
1530,Kumamoto,2020-11-18,939
1531,Kumamoto,2020-11-19,944
1532,Kumamoto,2020-11-20,952
1533,Kumamoto,2020-11-21,964
1534,Kumamoto,2020-11-22,970
1535,Kumamoto,2020-11-23,973
1536,Kumamoto,2020-11-24,975
1537,Kumamoto,2020-11-25,980
1538,Kumamoto,2020-11-26,995
1539,Kumamoto,2020-11-27,1006
1540,Kumamoto,2020-11-28,1010
1541,Kumamoto,2020-11-29,1018
1542,Kumamoto,2020-11-30,1023
1543,Kumamoto,2020-12-01,1041
1544,Kumamoto,2020-12-02,1052
1545,Kumamoto,2020-12-03,1060
1546,Kumamoto,2020-12-04,1075
1547,Kumamoto,2020-12-05,1083
1548,Kumamoto,2020-12-06,1092
1549,Ooita,2020-11-01,159
1550,Ooita,2020-11-02,159
1551,Ooita,2020-11-03,159
1552,Ooita,2020-11-04,159
1553,Ooita,2020-11-05,159
1554,Ooita,2020-11-06,160
1555,Ooita,2020-11-07,160
1556,Ooita,2020-11-08,161
1557,Ooita,2020-11-09,161
1558,Ooita,2020-11-10,161
1559,Ooita,2020-11-11,162
1560,Ooita,2020-11-12,163
1561,Ooita,2020-11-13,163
1562,Ooita,2020-11-14,164
1563,Ooita,2020-11-15,164
1564,Ooita,2020-11-16,168
1565,Ooita,2020-11-17,179
1566,Ooita,2020-11-18,189
1567,Ooita,2020-11-19,196
1568,Ooita,2020-11-20,208
1569,Ooita,2020-11-21,209
1570,Ooita,2020-11-22,219
1571,Ooita,2020-11-23,223
1572,Ooita,2020-11-24,228
1573,Ooita,2020-11-25,238
1574,Ooita,2020-11-26,246
1575,Ooita,2020-11-27,255
1576,Ooita,2020-11-28,273
1577,Ooita,2020-11-29,280
1578,Ooita,2020-11-30,295
1579,Ooita,2020-12-01,309
1580,Ooita,2020-12-02,324
1581,Ooita,2020-12-03,342
1582,Ooita,2020-12-04,360
1583,Ooita,2020-12-05,378
1584,Ooita,2020-12-06,397
1585,Miyazaki,2020-11-01,367
1586,Miyazaki,2020-11-02,367
1587,Miyazaki,2020-11-03,369
1588,Miyazaki,2020-11-04,371
1589,Miyazaki,2020-11-05,372
1590,Miyazaki,2020-11-06,372
1591,Miyazaki,2020-11-07,372
1592,Miyazaki,2020-11-08,373
1593,Miyazaki,2020-11-09,373
1594,Miyazaki,2020-11-10,373
1595,Miyazaki,2020-11-11,373
1596,Miyazaki,2020-11-12,373
1597,Miyazaki,2020-11-13,373
1598,Miyazaki,2020-11-14,373
1599,Miyazaki,2020-11-15,373
1600,Miyazaki,2020-11-16,374
1601,Miyazaki,2020-11-17,375
1602,Miyazaki,2020-11-18,385
1603,Miyazaki,2020-11-19,388
1604,Miyazaki,2020-11-20,399
1605,Miyazaki,2020-11-21,413
1606,Miyazaki,2020-11-22,427
1607,Miyazaki,2020-11-23,432
1608,Miyazaki,2020-11-24,438
1609,Miyazaki,2020-11-25,448
1610,Miyazaki,2020-11-26,457
1611,Miyazaki,2020-11-27,476
1612,Miyazaki,2020-11-28,483
1613,Miyazaki,2020-11-29,490
1614,Miyazaki,2020-11-30,502
1615,Miyazaki,2020-12-01,512
1616,Miyazaki,2020-12-02,520
1617,Miyazaki,2020-12-03,527
1618,Miyazaki,2020-12-04,536
1619,Miyazaki,2020-12-05,544
1620,Miyazaki,2020-12-06,556
1621,Kagoshima,2020-11-01,475
1622,Kagoshima,2020-11-02,475
1623,Kagoshima,2020-11-03,483
1624,Kagoshima,2020-11-04,488
1625,Kagoshima,2020-11-05,505
1626,Kagoshima,2020-11-06,518
1627,Kagoshima,2020-11-07,523
1628,Kagoshima,2020-11-08,534
1629,Kagoshima,2020-11-09,537
1630,Kagoshima,2020-11-10,542
1631,Kagoshima,2020-11-11,547
1632,Kagoshima,2020-11-12,548
1633,Kagoshima,2020-11-13,553
1634,Kagoshima,2020-11-14,554
1635,Kagoshima,2020-11-15,557
1636,Kagoshima,2020-11-16,558
1637,Kagoshima,2020-11-17,560
1638,Kagoshima,2020-11-18,576
1639,Kagoshima,2020-11-19,585
1640,Kagoshima,2020-11-20,592
1641,Kagoshima,2020-11-21,595
1642,Kagoshima,2020-11-22,597
1643,Kagoshima,2020-11-23,602
1644,Kagoshima,2020-11-24,602
1645,Kagoshima,2020-11-25,607
1646,Kagoshima,2020-11-26,612
1647,Kagoshima,2020-11-27,621
1648,Kagoshima,2020-11-28,623
1649,Kagoshima,2020-11-29,628
1650,Kagoshima,2020-11-30,629
1651,Kagoshima,2020-12-01,632
1652,Kagoshima,2020-12-02,637
1653,Kagoshima,2020-12-03,648
1654,Kagoshima,2020-12-04,653
1655,Kagoshima,2020-12-05,659
1656,Kagoshima,2020-12-06,673
1657,Okinawa,2020-11-01,3361
1658,Okinawa,2020-11-02,3374
1659,Okinawa,2020-11-03,3393
1660,Okinawa,2020-11-04,3409
1661,Okinawa,2020-11-05,3436
1662,Okinawa,2020-11-06,3457
1663,Okinawa,2020-11-07,3489
1664,Okinawa,2020-11-08,3518
1665,Okinawa,2020-11-09,3536
1666,Okinawa,2020-11-10,3561
1667,Okinawa,2020-11-11,3597
1668,Okinawa,2020-11-12,3621
1669,Okinawa,2020-11-13,3669
1670,Okinawa,2020-11-14,3695
1671,Okinawa,2020-11-15,3740
1672,Okinawa,2020-11-16,3767
1673,Okinawa,2020-11-17,3791
1674,Okinawa,2020-11-18,3832
1675,Okinawa,2020-11-19,3885
1676,Okinawa,2020-11-20,3925
1677,Okinawa,2020-11-21,3967
1678,Okinawa,2020-11-22,3999
1679,Okinawa,2020-11-23,4015
1680,Okinawa,2020-11-24,4031
1681,Okinawa,2020-11-25,4058
1682,Okinawa,2020-11-26,4132
1683,Okinawa,2020-11-27,4170
1684,Okinawa,2020-11-28,4248
1685,Okinawa,2020-11-29,4295
1686,Okinawa,2020-11-30,4327
1687,Okinawa,2020-12-01,4354
1688,Okinawa,2020-12-02,4401
1689,Okinawa,2020-12-03,4450
1690,Okinawa,2020-12-04,4497
1691,Okinawa,2020-12-05,4538
1692,Okinawa,2020-12-06,4577
